Artist,Album / Compilation,Slot-Nummer (neu),Cluster / Notizen,Discogslink,,Cover Art URL,Tracklist,CD Notes
Nas,Illmatic,01,Genre: Hip-Hop,https://www.discogs.com/release/1227102-Nas-Illmatic,,https://i.discogs.com/Dk3joX5_aVaDasrSTxk_U-K_ru5y6kYWnfpiTNp0HoQ/rs:fit/g:sm/q:90/h:590/w:600/czM6Ly9kaXNjb2dz/LWRhdGFiYXNlLWlt/YWdlcy9SLTEyMjcx/MDItMTIwMjA5ODQ4/NC5qcGVn.jpeg,"01 The Genesis (1:45)
02 N.Y. State Of Mind (4:54)
03 Life's A Bitch (3:31)
04 The World Is Yours (4:51)
05 Halftime (4:21)
06 Memory Lane (Sittin' In Da Park) (4:08)
07 One Love (5:26)
08 One Time 4 Your Mind (3:19)
09 Represent (4:12)
10 It Ain't Hard To Tell (3:23)",
A Tribe Called Quest,Midnight Marauders,02,Genre: Hip-Hop,https://www.discogs.com/release/417186-A-Tribe-Called-Quest-Midnight-Marauders,,https://i.discogs.com/TwwQcNIpgi5_dGe4O5nwMR-ceqesgFrLRU3c4eiX6-E/rs:fit/g:sm/q:90/h:600/w:600/czM6Ly9kaXNjb2dz/LWRhdGFiYXNlLWlt/YWdlcy9SLTQxNzE4/Ni0xNzEyMDgwNTYy/LTM2MTYuanBlZw.jpeg,"01 Midnight Marauders Tour Guide (0:45)
02 Steve Biko (Stir It Up) (3:11)
03 Award Tour (3:46)
04 8 Million Stories (4:21)
05 Sucka Nigga (4:05)
06 Midnight (4:25)
07 We Can Get Down (4:19)
08 Electric Relaxation (4:04)
09 Clap Your Hands (3:16)
10 Oh My God (3:29)
11 Keep It Rollin' (3:05)
12 The Chase, Part 2 (4:02)
13 Lyrics To Go (4:09)
14 God Live Through (4:15)
15 Hot Sex (2:45)",
A Tribe Called Quest,The Love Movement CD 1,03,Genre: Hip-Hop,https://www.discogs.com/release/391625-A-Tribe-Called-Quest-The-Love-Movement,,https://i.discogs.com/o-TyrKtHKMjDoRUtPUnaZ7lJ202v_Ev-3iT5rs3dSOU/rs:fit/g:sm/q:90/h:600/w:593/czM6Ly9kaXNjb2dz/LWRhdGFiYXNlLWlt/YWdlcy9SLTM5MTYy/NS0xNDY2MzU1Mzk0/LTU1MDcucG5n.jpeg,"01 Start It Up (3:18)
02 Find A Way (3:23)
03 Da Booty (3:20)
04 Steppin' It Up (3:22)
05 Like It Like That (2:46)
06 Common Ground (Get It Goin' On) (2:49)
07 4 Moms (1:49)
08 His Name Is Mutty Ranks (1:56)
09 Give Me (3:52)
10 Pad & Pen (3:23)
11 Busta's Lament (2:39)
12 Hot 4 U (3:15)
13 Against The World (3:59)
14 The Love (4:02)
15 Rock Rock Y'all (4:17)",
A Tribe Called Quest,The Love Movement CD 2,04,Genre: Hip-Hop,https://www.discogs.com/release/391625-A-Tribe-Called-Quest-The-Love-Movement,,https://i.discogs.com/o-TyrKtHKMjDoRUtPUnaZ7lJ202v_Ev-3iT5rs3dSOU/rs:fit/g:sm/q:90/h:600/w:593/czM6Ly9kaXNjb2dz/LWRhdGFiYXNlLWlt/YWdlcy9SLTM5MTYy/NS0xNDY2MzU1Mzk0/LTU1MDcucG5n.jpeg,"01 Scenario (Remix) (5:17)
02 Money Maker (4:22)
03 Hot Sex (2:45)
04 Oh My God (Remix) (4:02)
05 Jazz (We've Got) (Re-recording Radio) (4:19)
06 One Two S**t (4:33)",
Gang Starr,Daily Operation,05,Genre: Hip-Hop,https://www.discogs.com/release/343439-Gang-Starr-Daily-Operation,,https://i.discogs.com/ZMOqIdR25ZKpH8WuJjaAPB5PxOQWOVv8ICWycq62izs/rs:fit/g:sm/q:90/h:600/w:600/czM6Ly9kaXNjb2dz/LWRhdGFiYXNlLWlt/YWdlcy9SLTM0MzQz/OS0xMzkyNTc0NjY4/LTYwNzUucG5n.jpeg,"01 Daily Operation (Intro) (0:27)
02 The Place Where We Dwell (2:27)
03 Flip The Script (4:02)
04 Ex Girl To Next Girl (4:40)
05 Soliloquy Of Chaos (3:13)
06 I'm The Man (4:05)
07 92 Interlude (0:28)
08 Take It Personal (3:07)
09 2 Deep (3:38)
10 24-7/365 (0:24)
11 No Shame In My Game (3:55)
12 Conspiracy (2:48)
13 The Illest Brother (4:44)
14 Hardcore Composer (3:16)
15 B. Y. S. (3:06)
16 Much Too Much (Mack A Mil) (3:31)
17 Take Two And Pass (3:15)
18 Stay Tuned (2:31)",
Gang Starr,Hard to Earn,06,Genre: Hip-Hop,https://www.discogs.com/release/85110-Gang-Starr-Hard-To-Earn,,https://i.discogs.com/3MYHzjn47L_fnSRbrsqeKkbTpDebLwjB9q4vNwug6Rc/rs:fit/g:sm/q:90/h:594/w:600/czM6Ly9kaXNjb2dz/LWRhdGFiYXNlLWlt/YWdlcy9SLTg1MTEw/LTExNjI0ODg5ODEu/anBlZw.jpeg,"01 Intro (The First Step) (0:54)
02 ALONGWAYTOGO (4:13)
03 Code Of The Streets (3:29)
04 Brainstorm (3:02)
05 Tonz 'O' Gunz (3:55)
06 The Planet (5:16)
07 Aiiight Chill... (3:13)
08 Speak Ya Clout (3:35)
09 DWYCK (4:03)
10 Words From The Nutcracker (1:29)
11 Mass Appeal (3:41)
12 Blowin' Up The Spot (3:10)
13 Suckas Need Bodyguards (4:05)
14 Now You're Mine (2:55)
15 Mostly Tha Voice (3:38)
16 F.A.L.A. (4:17)
17 Comin' For Datazz (4:02)",
Gang Starr,Moment of Truth,07,Genre: Hip-Hop,https://www.discogs.com/release/227898-Gang-Starr-Moment-Of-Truth,,https://i.discogs.com/Y6rWgaKHNsSAa3uQ6VOI3Y08KqYcRnS-yQd0xOSpJ5c/rs:fit/g:sm/q:90/h:600/w:600/czM6Ly9kaXNjb2dz/LWRhdGFiYXNlLWlt/YWdlcy9SLTIyNzg5/OC0xMzU4Mzk1NDMy/LTc5NzguanBlZw.jpeg,"01 You Know My Steez (4:07)
02 Robbin Hood Theory (3:44)
03 Work (2:57)
04 Royalty (5:11)
05 Above The Clouds (3:41)
06 JFK 2 LAX (3:34)
07 Itz A Set Up (3:49)
08 Moment Of Truth (4:07)
09 B.I. Vs Friendship (4:37)
10 The Militia (4:48)
11 The Rep Grows Bigga (4:55)
12 What I'm Here 4 (2:45)
13 She Knowz What She Wantz (3:00)
14 New York Strait Talk (4:14)
15 My Advice 2 You (2:31)
16 Make 'Em Pay (4:21)
17 The Mall (3:40)
18 Betrayal (5:29)
19 Next Time (3:06)
20 In Memory Of... (3:50)",
Mobb Deep,The Infamous,08,Genre: Hip-Hop,https://www.discogs.com/release/208148-Mobb-Deep-The-Infamous,,https://i.discogs.com/dZCkbf1PWM1Nll2_k18V_pot4_fUtMtK_RIsHOTHYwQ/rs:fit/g:sm/q:90/h:600/w:599/czM6Ly9kaXNjb2dz/LWRhdGFiYXNlLWlt/YWdlcy9SLTIwODE0/OC0xNTQwMTM5NDYz/LTM5NzYuanBlZw.jpeg,"01 The Start Of Your Ending (41st Side) (4:24)
02 [The Infamous Prelude] (2:12)
03 Survival Of The Fittest (3:43)
04 Eye For A Eye (Your Beef Is Mines) (4:54)
05 [Just Step Prelude] (1:06)
06 Give Up The Goods (Just Step) (4:02)
07 Temperature's Rising (5:00)
08 Up North Trip (4:58)
09 Trife Life (5:19)
10 Q.U.—Hectic (4:55)
11 Right Back At You (4:52)
12 [The Grave Prelude] (0:30)
13 Cradle To The Grave (5:16)
14 Drink Away The Pain (Situations) (4:44)
15 Shook Ones Pt. II (5:24)
16 Party Over (5:40)",
Mobb Deep,Hell on Earth,09,Genre: Hip-Hop,https://www.discogs.com/release/208146-Mobb-Deep-Hell-On-Earth,,https://i.discogs.com/4WxJom3p07RVJsMVbu30wuQVZb275ER8h0USZqGGPSc/rs:fit/g:sm/q:90/h:300/w:301/czM6Ly9kaXNjb2dz/LWRhdGFiYXNlLWlt/YWdlcy9SLTIwODE0/Ni0xMDk5MTkyNDEy/LmpwZw.jpeg,"01 Animal Instinct (3:29)
02 Drop A Gem On 'Em (4:18)
03 Bloodsport (3:34)
04 Extortion (3:31)
05 More Trife Life (3:44)
06 Man Down (5:02)
07 Can't Get Enough Of It (4:50)
08 Nighttime Vultures (4:27)
09 G.O.D. Pt. III (5:17)
10 Get Dealt With (3:55)
11 Hell On Earth (Front Lines) (4:36)
12 Give It Up Fast (4:02)
13 Still Shinin' (4:11)
14 Apostle's Warning (4:01)
15 In The Long Run (2:38)",
Cypress Hill,Greatest Hits from the Bong,10,Genre: Hip-Hop,https://www.discogs.com/release/776284-Cypress-Hill-Greatest-Hits-From-The-Bong,,https://i.discogs.com/wZL24yhBvE6KK64DG0BgxWMJ9audBsyNCorH8HfsW4A/rs:fit/g:sm/q:90/h:600/w:597/czM6Ly9kaXNjb2dz/LWRhdGFiYXNlLWlt/YWdlcy9SLTc3NjI4/NC0xNDk3Mzc2NzQx/LTIxOTQuanBlZw.jpeg,"01 How I Could Just Kill A Man (4:07)
02 Hand On The Pump (4:02)
03 Latin Lingo (3:59)
04 Insane In The Brain (3:26)
05 I Ain't Goin' Out Like That (4:24)
06 Throw Your Set In The Air (4:05)
07 Dr. Greenthumb (4:25)
08 (Rock) Superstar (4:35)
09 Latin Thugs (3:46)
10 The Only Way (3:41)
11 EZ Come EZ Go (4:04)
12 Latin Thugs (Reggaeton Mix) (3:37)",
Grand Puba,2000,11,Genre: Hip-Hop,https://www.discogs.com/release/1626155-Grand-Puba-2000,,https://i.discogs.com/16HuMIpHF_2MjVtDucm6uENRkalBz7XgWtDTB3KVTRA/rs:fit/g:sm/q:90/h:592/w:600/czM6Ly9kaXNjb2dz/LWRhdGFiYXNlLWlt/YWdlcy9SLTE2MjYx/NTUtMTUyODA0MzQ3/MC0zMDU1LmpwZWc.jpeg,"01 Very Special (5:15)
02 I Like It (I Wanna Be Where You Are) (4:23)
03 A Little Of This (4:23)
04 Keep On (5:04)
05 Back Stabbers (5:05)
06 2000 (3:25)
07 Amazing (4:02)
08 Don't Waste My Time (4:28)
09 Play It Cool (4:12)
10 Playin' The Game (3:25)
11 Change Gonna Come (4:32)",
Camp Lo,Uptown Saturday Night,12,Genre: Hip-Hop,https://www.discogs.com/release/349102-Camp-Lo-Uptown-Saturday-Night,,https://i.discogs.com/VeSiYJ5eTMle4kMBScFmNK4Jd_SkSImucWVYYj9rS1E/rs:fit/g:sm/q:90/h:584/w:600/czM6Ly9kaXNjb2dz/LWRhdGFiYXNlLWlt/YWdlcy9SLTM0OTEw/Mi0xMjk5OTYyMjY4/LmpwZWc.jpeg,"01 Krystal Karrington (3:24)
02 Luchini AKA This Is It (3:59)
03 Park Joint (3:28)
04 B-Side To Hollywood (3:46)
05 Killin' Em Softly (3:44)
06 Sparkle (3:40)
07 Black Connection (4:07)
08 Swing (2:50)
09 Rockin' It AKA Spanish Harlem (3:37)
10 Say Word (3:14)
11 Negro League (3:23)
12 Nicky Barnes AKA It's Alright (3:14)
13 Black Nostaljack AKA Come On (4:12)
14 Coolie High (4:00)
15 Sparkle (Mr. Midnight Mix) (3:50)",
Lauryn Hill,The Miseducation of Lauryn Hill,13,Genre: Hip-Hop,https://www.discogs.com/release/228201-Lauryn-Hill-The-Miseducation-Of-Lauryn-Hill,,https://i.discogs.com/V5BsUDFUJ7nr4DA1-R-_8gM_gSbAHom4JK-UxIe7UWk/rs:fit/g:sm/q:90/h:600/w:593/czM6Ly9kaXNjb2dz/LWRhdGFiYXNlLWlt/YWdlcy9SLTIyODIw/MS0xNDE5NjIwODI4/LTEyODkuanBlZw.jpeg,"01 Intro (0:47)
02 Lost Ones (5:33)
03 Ex-Factor (5:26)
04 To Zion (6:09)
05 Doo Wop (That Thing) (5:20)
06 Superstar (4:57)
07 Final Hour (4:16)
08 When It Hurts So Bad (5:42)
09 I Used To Love Him (5:39)
10 Forgive Them Father (5:15)
11 Every Ghetto, Every City (5:14)
12 Nothing Even Matters (5:50)
13 Everything Is Everything (4:53)
14 The Miseducation Of Lauryn Hill (4:17)
15 Can't Take My Eyes Off Of You (3:41)
16 Tell Him (Live) (4:40)",
Beastie Boys,Check Your Head,14,Genre: Hip-Hop,https://www.discogs.com/release/53044-Beastie-Boys-Check-Your-Head,,https://i.discogs.com/WLlu8-T8lx5b6R1oJaeKUHEgTrxBBVjiIV7wdKLcAzI/rs:fit/g:sm/q:90/h:597/w:600/czM6Ly9kaXNjb2dz/LWRhdGFiYXNlLWlt/YWdlcy9SLTUzMDQ0/LTExNTk2NDIyOTgu/anBlZw.jpeg,"01 Jimmy James (3:14)
02 Funky Boss (1:35)
03 Pass The Mic (4:17)
04 Gratitude (2:45)
05 Lighten Up (2:41)
06 Finger Lickin' Good (3:39)
07 So What'cha Want (3:37)
08 The Biz Vs. The Nuge (0:33)
09 Time For Livin' (1:48)
10 Something's Got To Give (3:28)
11 The Blue Nun (0:32)
12 Stand Together (2:47)
13 Pow (2:13)
14 The Maestro (2:52)
15 Groove Holmes (2:33)
16 Live At P.J.'s (3:18)
17 Mark On The Bus (1:05)
18 Professor Booty (4:13)
19 In 3's (2:23)
20 Namasté (4:01)",
Beastie Boys,Ill Communication,15,Genre: Hip-Hop,https://www.discogs.com/release/10666-Beastie-Boys-Ill-Communication,,https://i.discogs.com/fxLAm4pbgx0GSf0BUklAevtkRN0hm-nEq4FDLLnav5E/rs:fit/g:sm/q:90/h:594/w:600/czM6Ly9kaXNjb2dz/LWRhdGFiYXNlLWlt/YWdlcy9SLTEwNjY2/LTEyNzUxODM4NjYu/anBlZw.jpeg,"01 Sure Shot (3:19)
02 Tough Guy (0:57)
03 B-Boys Makin' With The Freak Freak (3:53)
04 Bobo On The Corner (1:13)
05 Root Down (3:32)
06 Sabotage (2:58)
07 Get It Together (4:05)
08 Sabrosa (3:29)
09 The Update (3:15)
10 Futterman's Rule (3:42)
11 Alright Hear This (3:07)
12 Eugene's Lament (2:12)
13 Flute Loop (1:54)
14 Do It (3:16)
15 Ricky's Theme (3:43)
16 Heart Attack Man (2:15)
17 The Scoop (3:36)
18 Shambala (3:40)
19 Bodhisattva Vow (3:08)
20 Transitions (2:31)",
Stereo MCs,33-45-78,16,Genre: Hip-Hop,https://www.discogs.com/release/148187-Stereo-MCs-33-45-78,,https://i.discogs.com/e3v2HcGLCdycy1CnEnrHhQOR53ohOeGlo_TIVajmePE/rs:fit/g:sm/q:90/h:595/w:600/czM6Ly9kaXNjb2dz/LWRhdGFiYXNlLWlt/YWdlcy9SLTE0ODE4/Ny0xMzg2MDUzMDk4/LTI1MzAuanBlZw.jpeg,"01 On 33 (5:07)
02 Use It (3:08)
03 Gee Street (4:21)
04 Neighbourhood (4:22)
05 Toe To Toe (4:44)
06 What Is Soul? (4:47)
07 Part 2 (4:28)
08 Bring It On (4:39)
09 Outta Touch (4:17)
10 Sunday 19th March (4:15)
11 This Ain't A Love Song (4:43)
12 Ancient Concept (1:32)
13 On The Mike (4:55)
14 Move (3:54)
15 Back To The Future (6:04)",
Quasimoto,The Further Adventures of Lord Quas,17,Genre: Hip-Hop,https://www.discogs.com/release/450575-Quasimoto-The-Further-Adventures-Of-Lord-Quas,,https://i.discogs.com/ORT3vJ0lxziSUuvi5O7NpRN62yq70hl4Am5hEKqE1ew/rs:fit/g:sm/q:90/h:600/w:600/czM6Ly9kaXNjb2dz/LWRhdGFiYXNlLWlt/YWdlcy9SLTQ1MDU3/NS0xMzY3MDU2Mjg2/LTc4NTQuanBlZw.jpeg,"01 Bullyshit (3:07)
02 Greenery (3:14)
03 Crime (1:20)
04 Hydrant (3:25)
05 Don't Blink (2:06)
06 Players Of The Game (2:35)
07 Bus Ride (2:58)
08 Closer (3:02)
09 Maingirl (4:01)
10 Civilization Day (1:50)
11 Bartender Say (2:46)
12 1994 (2:22)
13 Another Demo Tape (1:46)
14 Raw Deal (2:17)
15 Mr. Two-Faced (1:34)
16 The Exclusive (2:36)
17 Fatbacks (3:51)
18 J.A.N. (Jive Ass Niggaz) (1:54)
19 Shroom Music (3:01)
20 Rappcats Pt. 3 (2:26)
21 Strange Piano (2:00)
22 Life Is... (2:19)
23 The Clown (Episode C) (2:59)
24 Raw Addict Pt. 2 (2:34)
25 Tomorrow Never Knows (2:39)
26 Privacy (1:36)",
Madlib,Mind Fusion Vol. 3,18,Genre: Brazil / Latin,https://www.discogs.com/master/1109541-Madlib-Mind-Fusion-Vol-3,,https://i.discogs.com/5iP0MKFWFglH66LW4KU6nGTMpO6VbFaYoTzkRNxELYI/rs:fit/g:sm/q:90/h:512/w:600/czM6Ly9kaXNjb2dz/LWRhdGFiYXNlLWlt/YWdlcy9SLTEwMDA4/NjUtMTE4MjYzMzc1/Ny5qcGVn.jpeg,"01 Just A (5:25)
02 Collection (6:33)
03 Of The (8:25)
04 Hottest (5:02)
05 Shit (11:49)
06 Madlib (10:07)
07 Has Ever (7:02)
08 Produced! (3:23)","01 Just A (5:25)

0:00 – Orquestra Afro Brasileira – Xangô
1:45 – Marília Medalha – Água Escondida
4:07 – Anamaria & Mauricio – Freio Aerodinâmico

02 Collection (6:33)

0:00 – Sérgio Mendes Trio, Wanda De Sá, Rosinha De Valença – Tristeza Em Mim
1:42 – O Terço – Adormeceu
2:21 – Leny Andrade – Canto De Chegar
4:51 – Antonio Adolfo E A Brazuca – Grilopus Nº 1 (2ª Parte)
5:07 – Luis Agudo & Afonso Vieira – Sumaré

03 Of The (8:25)

0:00 – Jards Macalé – Jards Anet Da Vida / Dois Corações / No Meio Do Mato / O Faquir Da Dor
0:08 – Unidentified
0:37 – Wagner Tiso – Os Pássaros
2:30 – Sambalanço Trio – Sambinha
4:40 – Djalma Corrêa – Banjilógrafo
6:36 – José Mauro – Apocalipse

04 Hottest (5:02)

0:00 – Unidentified
0:21 – Jards Macalé – Pam Pam Pam
1:07 – Anamaria & Mauricio – O Trem Azul
2:24 – Djalma Corrêa – Os Quatro Elementos

05 Shit (11:49)

0:00 – John Thomas & Lifeforce – Like A Samba
2:02 – Edu Lobo – Incelensa
4:20 – Claudette Soares – Os Grilos
6:02 – Pedro dos Santos, Sebastião Tapajós, Jorginho – Gurungungô
8:42 – Edu Lobo – Porto Do Sol
9:32 – João Bosco – Quem Será?

06 Madlib (10:07)

0:00 – Eduardo Araújo & Silvinha – Girassol
2:33 – Victor Assis Brasil – Puzzle
4:09 – Gal Costa – Pontos De Luz
6:00 – Unidentified
7:44 – Tânia Maria – Bobeou, Não Vai Entender

07 Has Ever (7:02)

0:00 – José Mauro – Obnóxius
2:02 – Azymuth – Circo Marimbondo
3:40 – Caju & Castanha – Unidentified
4:56 – Heraldo Do Monte – Chuva Morna
5:20 – Heraldo Do Monte – Forrozin

08 Produced! (3:23)

0:00 – Jaime & Nair – Zabumba Do Nego
0:42 – Unidentified
2:31 – Chet Baker Meets Novos Tempos – Salsamba"
Madlib,Speto da Rua,19,Genre: Brazil / Latin,https://www.discogs.com/release/1543475-Madlib-Speto-Da-Rua-Dirty-Brasilian-Crates-Volume-11,,https://i.discogs.com/k6Znfq2OTEuTFt_rtLHmmxR1SkQwzPavTjHWqTazHVw/rs:fit/g:sm/q:90/h:596/w:600/czM6Ly9kaXNjb2dz/LWRhdGFiYXNlLWlt/YWdlcy9SLTE1NDM0/NzUtMTYzODk0MTQ3/MS05MjUzLmpwZWc.jpeg,01 Speto Da Rua (61:08),"[00:00] Orquestra Afro-Brasileira - Xangô
[01:45] Marilia Medalha - Água Escondida
[04:07] Anamaria e Mauricio - Freio Aerodinâmico
[06:08] Wanda de Sá & Rosinha de Valença - Tristeza em Mim
[07:50] O Terço - Adormeceu
[08:29] Leny Andrade - Canto de Chegar
[10:59] Antonio Adolfo e A Brazuca - Grilopus Nº 1 (2ª Parte)
[11:15] Luis Agudo & Afonzo Vieira - Sumaré
[13:05] Jards Macalé - Jards Anet da Vida / Dois Corações / No Meio do Mato / O Faquir da Dor
[13:13] Antonio Adolfo - Terminado Esse Disco
[13:42] Wagner Tiso - Os Pássaros
[15:35] Sambalanço Trio - Sambinha
[17:45] Djalma Corrêa - Banjilógrafo
[19:41] José Mauro - Apocalipse
[22:19] Stone Alliance - Amigos
[22:40] Jards Macalé - Pam Pam Pam
[23:26] Anamaria e Mauricio - O Trem Azul
[24:43] Djalma Corrêa - Os Quatro Elementos
[26:34] John Thomas & Lifeforce - Like a Samba
[28:36] Edu Lobo - Incelença
[30:54] Claudette Soares - Os Grilos
[32:36] Sebastião Tapajós - Gurugungô
[35:16] Edu Lobo - Porto do Sol
[36:06] João Bosco - Quem Será?
[38:29] ?
[38:49] Eduardo Araújo & Silvinha - Girassol
[41:22] Victor Assis Brasil - Puzzle
[42:58] Gal Costa - Pontos de Luz
[44:49] ?
[46:33] Tania Maria - Bobeou, Não Vai Entender
[47:59] José Mauro - Obnóxius
[50:01] Azymuth - Circo Marimbondo
[51:39] ? Possibly Caju e Castanha or unknown forró artist
[52:55] Heraldo do Monte - Chuva Morna
[53:19] Heraldo do Monte - Forrozin
[56:04] Jaime & Nair - Zabumba do Nego
[56:46] Paulinho Nogueira - O Velho Gurú
[58:35] Chet Baker Meets Novos Tempos - Salsamba"
Madlib,Mind Fusion Vol. 2,20,Genre: Jazz,https://www.discogs.com/release/806485-Madlib-Mind-Fusion-Vol-2,,https://i.discogs.com/IVmIw4yt0TKOrUaDEbJ3QVAja9iJyOLkSpKR617jkes/rs:fit/g:sm/q:90/h:583/w:600/czM6Ly9kaXNjb2dz/LWRhdGFiYXNlLWlt/YWdlcy9SLTgwNjQ4/NS0xNzM3NTY4OTM4/LTgxMTQuanBlZw.jpeg,"01 Track 1
02 Track 2
03 Track 3
","01 Track 1

0:00 - Nat Adderley “Song of the Valdez Diamond” from Double Exposure (Prestige, 1975)
0:30 - Brian Auger “Beginning Again” from Straight Ahead (RCA Victor, 1974)
2:51 - Johnny Hammond “Back To The Projects” from Gambler's Life (Salvation Records, 1974)
5:31 - Cesar Mariano and Cia “Metropole” from São Paulo Brasil (RCA, 1977)
7:25 - Human Egg “Love Like This” from Human Egg (Lizard, 1978) and Jean-Pierre Massiera's Psychoses Discoïd (2007)
9:09 - Michal Urbaniak's Fusion “Ilex” from ATMA (Columbia, 1974)
11:47 - Peter Lipa “My Album” from Moanin' (Opus, 1984)
13:45 - Mary Lou Williams “Pale Blue” from Free Spirits

02 Track 2

0:00 - Henry Franklin “Cosmos Dwellers” from Tribal Dance
1:53 - Azymuth “Pertido Alto” from Light as a Feather
3:44 - Elvin Jones “Moon Dance” from Time Capsule
6:24 - Patrice Rushen “Before The Dawn” from Before the Dawn
8:29 - JuJu (Oneness of Juju) “Nia” from Chapter Two, Nia
10:04 - Marcos Valle “Não Tem Nada Não” from Previsão do Tempo
11:13 - Azar Lawrence “Theme for a New Day from People Moving (Prestige, 1975)

03 Track 3

0:00 - Inspector Clouseau “L'Automne” from Teenage Troupeau Bleu (Frog Note, 1988)
1:45 - Joyce “Longe do Tempo from Encontro Marcado (1969)
2:44 - Jackie McLean “Soul” from ‘Bout Soul (Blue Note, 1967)
3:00 - Ennio Morricone “Dies Irae Psichedelico” from Escalation (Cam, 1968)
4:00 - Ken Rhodes “Profile” from Profile (Amayana, 1974)
5:27 - Stefano Torossi “Fearing Much” from Feelings (Carosello, 1975)
6:11 - Duke Ellington “Didjeridoo” from The Afro-Eurasian Eclipse
7:31 - Marcos Valle “Azimuth” from Mustang Côr de Sangue (1969)
9:22 - Bayete “Let The Music Take Your Mind” from Seeking Other Beauty (1972)
10:24 - Azymuth “Nothing Will Be As It Was (Nada Será Como Antes)” from Telecommunication (Milestone, 1982)
11:30 - Jackie McClean “Soul” from ‘Bout Soul (Blue Note, 1967)
11:55 - Lorez Alexandria “Baltimore Oriole” from For Swingers Only
14:02 - Pharoah Sanders “Casino Latino” from Beyond a Dream
17:50 - George Duke “Nigerian Numberuma” from The Inner Source
18:33 - George Duke “Feels So Good” from The Inner Source
20:12 - Jackie McLean “Soul” from ‘Bout Soul
20:24 - Willie Tee & The Gaturs “Concentrate” from Wasted (1970)
21:33 - Egberto Gismonti “Janela de Ouro” from Sonho 70 (Polydor, 1970)
22:49 - Cal Green “Revolution Rap” (Mutt & Jeff, 1972), also released on Super Cool California Soul Vol. 2 (Luv N Haight)"
Various Artists,Yesterdays Universe: Prepare For A New Yesterday (Vol. 1),21,Genre: Jazz,https://www.discogs.com/release/10410165-Various-Yesterdays-Universe,,https://i.discogs.com/k3NdRVNKU6Xrq9gwXb_hWpPGdPAkvkeY5FsLAmjvDh8/rs:fit/g:sm/q:90/h:596/w:600/czM6Ly9kaXNjb2dz/LWRhdGFiYXNlLWlt/YWdlcy9SLTEwNDEw/MTY1LTE3NjU0OTM0/MjUtMjAxNS5qcGVn.jpeg,"01 Bitches Brew
02 Umoja (Unity)
03 Slave Riot
04 One For The Monica Lingas Band
05 Street Talkin'
06 Marcus, Martin & Malcolm
07 Two For Strata East
08 She's Gonna Stay
09 Cold Nights And Rainy Days
10 Free Son
11 Barumba
12 Sunny C (California)
13 Mtume's Song
14 Vibes From The Tribes Suite (For Phil)
15 Upa Neguinho",
Miles Davis Quintet,Workin',22,Genre: Jazz,https://www.discogs.com/release/4725132-The-Miles-Davis-Quintet-Workin-With-The-Miles-Davis-Quintet,,https://i.discogs.com/JshDF20vGJG8NZ1GofN_iGA4EuIHZkgVRXmCQRr9U8I/rs:fit/g:sm/q:90/h:300/w:300/czM6Ly9kaXNjb2dz/LWRhdGFiYXNlLWlt/YWdlcy9SLTQ3MjUx/MzItMTM5OTgxNDgx/My01MDA2LmpwZWc.jpeg,"01 It Never Entered My Mind (5:23)
02 Four (7:12)
03 In Your Own Sweet Way (5:42)
04 The Theme (Take 1) (1:58)
05 Trane's Blues (8:33)
06 Ahmad's Blues (7:23)
07 Half Nelson (4:46)
08 The Theme (Take 2) (1:05)",
Miles Davis,Bitches Brew CD 1,23,Genre: Jazz,https://www.discogs.com/release/578859-Miles-Davis-Bitches-Brew,,https://i.discogs.com/IJ-B9g4KVYpwCCa755cZXc4Mz9sJZohjdrAkM5cz0yY/rs:fit/g:sm/q:90/h:508/w:600/czM6Ly9kaXNjb2dz/LWRhdGFiYXNlLWlt/YWdlcy9SLTU3ODg1/OS0xMjUwMzcwNTUw/LmpwZWc.jpeg,"01 Pharaoh's Dance (20:00)
02 Bitches Brew (26:59)
01 Spanish Key (17:29)
02 John McLaughlin (4:26)
03 Miles Runs The Voodoo Down (14:04)
04 Sanctuary (10:52)",
Miles Davis,Bitches Brew CD 2,24,Genre: Jazz,https://www.discogs.com/release/578859-Miles-Davis-Bitches-Brew,,https://i.discogs.com/IJ-B9g4KVYpwCCa755cZXc4Mz9sJZohjdrAkM5cz0yY/rs:fit/g:sm/q:90/h:508/w:600/czM6Ly9kaXNjb2dz/LWRhdGFiYXNlLWlt/YWdlcy9SLTU3ODg1/OS0xMjUwMzcwNTUw/LmpwZWc.jpeg,"01 Pharaoh's Dance (20:00)
02 Bitches Brew (26:59)
01 Spanish Key (17:29)
02 John McLaughlin (4:26)
03 Miles Runs The Voodoo Down (14:04)
04 Sanctuary (10:52)",
Django Reinhardt,Swing de Paris CD 2,25,Genre: Jazz,https://www.discogs.com/release/13598836-Django-Reinhardt-Swing-De-Paris,,https://i.discogs.com/CD0yOl1nT4oSKZRCHnWscRcCnVbNnyJWTXWXqk0w5p0/rs:fit/g:sm/q:90/h:580/w:600/czM6Ly9kaXNjb2dz/LWRhdGFiYXNlLWlt/YWdlcy9SLTEzNTk4/ODM2LTE1NTcyNDY3/NTUtNjMyNC5wbmc.jpeg,"01 Swing De Paris
02 Hungaria
03 Swing 42
04 Improvisation No. 2
05 De Nulle Part
06 Dinette
07 Belleville
08 Studio 24
09 Djangology
10 Douce Ambiance
11 Cavalerie
12 Fleur D'ennui
13 Bleu Clair
14 Improvisation No. 3 [Part 1]
15 Improvisation No. 3 [Part 2]
16 I Love You
17 Blues Primitif
18 Night And Day
19 Insensiblement
20 Brasil (2nd Version)",
Django Reinhardt,Swing de Paris CD 3,26,Genre: Jazz,https://www.discogs.com/release/13598836-Django-Reinhardt-Swing-De-Paris,,https://i.discogs.com/CD0yOl1nT4oSKZRCHnWscRcCnVbNnyJWTXWXqk0w5p0/rs:fit/g:sm/q:90/h:580/w:600/czM6Ly9kaXNjb2dz/LWRhdGFiYXNlLWlt/YWdlcy9SLTEzNTk4/ODM2LTE1NTcyNDY3/NTUtNjMyNC5wbmc.jpeg,"01 Duke And Dukie
02 Just One Of Those Things
03 Swing 48
04 Impromptu
05 Vamp
06 Anouman
07 D.R. Blues
08 Deccaphonie
09 Avalon
10 I Can't Give You Anything But Love
11 After You've Gone
12 Nagasaki
13 Georgia On My Mind
14 Shine
15 Swing Guitars
16 Viper's Dream
17 Minor Swing
18 Ol' Man River
19 Tiger Rag
20 Daphné",
Chet Baker,Chet,27,Genre: Jazz,https://www.discogs.com/release/2990004-Chet-Baker-Chet,,https://i.discogs.com/zuWOqt1KqOIgSr4R0AhnZ7hXYSQHqfTYkbphxtry7wk/rs:fit/g:sm/q:90/h:333/w:342/czM6Ly9kaXNjb2dz/LWRhdGFiYXNlLWlt/YWdlcy9SLTI5OTAw/MDQtMTMyODIxODY5/OC5qcGVn.jpeg,"01 Alone Together (6:46)
02 How High The Moon (3:31)
03 It Never Entered My Mind (4:36)
04 'Tis Autumn (5:12)
05 If You Could See Me Now (5:11)
06 September Song (3:00)
07 You'd Be So Nice To Come Home To (4:38)
08 Time On My Hands (You In My Arms) (4:27)
09 You And The Night And The Music (3:50)
10 Early Morning Mood (9:00)",
Various Artists,Standards on Impulse!,28,Genre: Jazz,https://www.discogs.com/release/2179309-Various-Standards-On-Impulse,,https://i.discogs.com/2KMa3d7cdrFblkwlMNxlrgRF9ZZ6X_VDhSClurUiL_c/rs:fit/g:sm/q:90/h:544/w:600/czM6Ly9kaXNjb2dz/LWRhdGFiYXNlLWlt/YWdlcy9SLTIxNzkz/MDktMTI2ODM4ODY1/MC5qcGVn.jpeg,"01 Art Blakey Quartet - Summertime (4:40)
02 Duke Ellington & John Coltrane - In a Sentimental Mood (4:15)
03 J.J. Johnson & Kai Winding - Concentrate on You (4:01)
04 Benny Carter and His Orchestra - Body & Soul (4:11)
05 The Gil Evans Orchestra - Sister Sadie (6:57)
06 Johnny Hartman - Unforgettable (2:36)
07 Count Basie - Oh, Lady Be Good (4:39)
08 Charles Mingus - Mood Indigo (4:44)
09 Roy Haynes Quartet - Fly Me to the Moon (In Other Words) (6:39)
10 John Coltrane Quartet - What's New (3:44)
11 McCoy Tyner - Satin Doll (5:36)
12 Ben Webster - Stardust (2:25)
13 Shelly Manne - Cherokee (3:26)
14 Clark Terry - Do Nothin' 'Till You Hear from Me (3:34)
15 Duke Ellington & Coleman Hawkins - Solitude (5:51)
16 Archie Shepp - The Girl from Ipanema (8:33)",
Clifford Jordan Quartet,Glass Bead Games,29,Genre: Jazz,https://www.discogs.com/release/1808947-Clifford-Jordan-Quartet-Glass-Bead-Games,,https://i.discogs.com/aFd0vuY4zM2mn2xDyiUyeW7qQXLh2pdWMQwPswKeMZ4/rs:fit/g:sm/q:90/h:351/w:349/czM6Ly9kaXNjb2dz/LWRhdGFiYXNlLWlt/YWdlcy9SLTE4MDg5/NDctMTI0NTA0OTg2/My5qcGVn.jpeg,"01 Powerful Paul Robeson (5:40)
02 The Glass Bead Games (3:50)
03 Prayer To The People (4:10)
04 Cal Massey (2:40)
05 John Coltrane (6:45)
06 Eddie Harris (4:23)
07 Biskit (5:30)
08 Shoulders (5:18)
09 Bridgework (4:46)
10 Maimoun (5:37)
11 Alias Buster Henry (8:18)
12 One For Amos (7:48)",
Paco de Lucía,Siroco,30,Genre: Brazil / Latin,https://www.discogs.com/release/13164024-Paco-De-Lucia-Siroco,,https://i.discogs.com/_4LCUIFyT5yqRCjRmgnhupnpCUdmfSauytG9y87fzug/rs:fit/g:sm/q:90/h:596/w:600/czM6Ly9kaXNjb2dz/LWRhdGFiYXNlLWlt/YWdlcy9SLTEzMTY0/MDI0LTE2NDgyODg5/NDYtMTc1Ni5qcGVn.jpeg,"01 La Cañada (Tangos) (5:15)
02 Mi Niño Curro (Rondeña) (3:29)
03 La Barrosa (Alegrías) (4:36)
04 Caña De Azucar (Rumba) (4:19)
05 El Pañuelo (Bulerías) (5:28)
06 Callejón Del Muro (Minera) (3:55)
07 Casilda (Tanguillos) (3:46)
08 Gloria Al Niño Ricardo (Soléa) (5:07)",
Ella Fitzgerald,Ella Fitzgerald in Hamburg,31,Genre: Jazz,https://www.discogs.com/release/2139330-Ella-Fitzgerald-Ella-Fitzgerald-In-Hamburg,,https://i.discogs.com/xMvjk33sBEmZSdlFNMD3EsVscSK5O3SxQJy5Monk9ac/rs:fit/g:sm/q:90/h:498/w:550/czM6Ly9kaXNjb2dz/LWRhdGFiYXNlLWlt/YWdlcy9SLTIxMzkz/MzAtMTI3MzkxOTgw/Ni5qcGVn.jpeg,"01 Walk Right In (3:35)
02 That Old Black Magic (4:15)
03 Body And Soul (4:38)
04 Here's That Rainy Day (3:23)
05 And The Angels Sing (3:40)
06 A Hard Day's Night (3:03)
08 The Boy From Ipanema (2:54)
09 Don't Rain On My Parade (3:01)
10 Angel Eyes (3:26)
11 Smooth Sailing (3:49)
12 Old McDonald Had A Farm (2:05)",
Sarah Vaughan,Sarah + 2,32,Genre: Jazz,https://www.discogs.com/release/3456948-Sarah-Vaughan-Sarah-2,,https://i.discogs.com/dVpuEvoTzxyf1zkEn4Qaiuf4uV0YklW_6glfFC-g07o/rs:fit/g:sm/q:90/h:591/w:587/czM6Ly9kaXNjb2dz/LWRhdGFiYXNlLWlt/YWdlcy9SLTM0NTY5/NDgtMTM3Njg2NDky/OS04ODYwLmpwZWc.jpeg,"01 Just In Time (2:17)
02 When Sunny Gets Blue (3:48)
03 All I Do Is Dream Of You (2:54)
04 I Understand (4:25)
05 Goodnight Sweetheart (3:32)
06 Baby, Won't You Please Come Home (2:34)
07 When Lights Are Low (2:55)
08 Key Largo (3:26)
09 Just Squeeze Me (4:11)
10 All Or Nothing At All (3:10)
11 The Very Thought Of You (4:10)",
Dee Dee Bridgewater,Red Earth,33,Genre: Jazz,https://www.discogs.com/release/3309202-Dee-Dee-Bridgewater-Red-Earth-A-Malian-Journey,,https://i.discogs.com/vx-ZVc1qqoEEV4FxtAhxEt5BT3MdDAxxIN5K8vT9VjY/rs:fit/g:sm/q:90/h:450/w:454/czM6Ly9kaXNjb2dz/LWRhdGFiYXNlLWlt/YWdlcy9SLTMzMDky/MDItMTMyNTEyMzI5/MS5qcGVn.jpeg,"01 Afro Blue (5:11)
02 Bad Spirits (Bani) (5:48)
03 Dee Dee (2:56)
04 Mama Don't Ever Go Away (Mama Digna Sara Yé) (5:39)
05 Long Time Ago (6:47)
06 Children Go 'Round (Demissènw) (6:05)
07 The Griots (Sakhodougou) (6:03)
08 Oh My Love (Djarabi) (6:03)
09 Four Women (5:23)
10 No More (Bambo) (4:45)
11 Red Earth (Massane Cissè) (5:16)
12 Meanwhile (4:24)
13 Compared To What (5:22)",
Della Reese,Cha-Cha-Cha,34,Genre: Jazz,https://www.discogs.com/release/4404898-Della-Reese-Della-Della-Cha-Cha-Cha,,https://i.discogs.com/r0UtNv5buWSxNXC5pDtv8FnDjQvaVJH7uqRayu8UkJI/rs:fit/g:sm/q:90/h:585/w:600/czM6Ly9kaXNjb2dz/LWRhdGFiYXNlLWlt/YWdlcy9SLTQ0MDQ4/OTgtMTM2NTU4NTg5/NC0yNzc5LmpwZWc.jpeg,"01 Diamonds Are Girl's Best Friends (2:52)
02 Come On-A My House (2:48)
03 Why Don't You Do Right (2:45)
04 My Heart Belongs To Daddy (2:39)
05 Let's Do It (2:27)
06 Whatever Lola Wants (3:12)
07 Daddy (2:39)
08 Tea For Two (2:09)
09 Always True To You In My Fashion (3:14)
10 It's So Nice To Have A Man Around The House (2:37)
11 There's A Small Hotel (2:13)
12 Love For Sale (2:21)",
Etta James,Come a Little Closer,35,Genre: Jazz,https://www.discogs.com/release/6378449-Etta-James-Come-A-Little-Closer,,https://i.discogs.com/4WX6AJZQTA27Zt-kYvXaZIU-w0SigtjDX9bLGanh3Zc/rs:fit/g:sm/q:90/h:500/w:500/czM6Ly9kaXNjb2dz/LWRhdGFiYXNlLWlt/YWdlcy9SLTYzNzg0/NDktMTQxNzc4MDY5/Mi00MjkxLmpwZWc.jpeg,"01 Out On The Street Again
02 Mama Told Me
03 You Give Me What I Want
04 Come A Little Closer
05 Let's Burn Down The Cornfield
06 Power Play
07 Feeling Uneasy
08 St.Louis Blues
09 Gon'na Have Some Fun Tonight
10 Sooki Sooki
11 Lovin' Arms
12 Out On The Streets Again (Single Edit)",
Various Artists,Kennny Dope Mixes: P&P Records CD 1,36,Genre: Soul / Funk / Disco,https://www.discogs.com/release/579361-Kenny-Dope-Kenny-Dope-Vs-PP-Records,,https://i.discogs.com/gKM2yWfYlmRwezk_GDTBaaCEvxzZ_qRt4YJs90El2Uk/rs:fit/g:sm/q:90/h:530/w:600/czM6Ly9kaXNjb2dz/LWRhdGFiYXNlLWlt/YWdlcy9SLTU3OTM2/MS0xMTMzOTUxMDg3/LmpwZWc.jpeg,"01 Fly Guy - Fly Guy Rap (2:39)
02 Margo's Kool Out Crew - Death Rap (1:36)
03 Willie Wood & Willie Wood Crew - Willie Rap (0:29)
04 Licky - African Rock (3:31)
05 Queen Yahna - Ain't It Time (2:55)
06 Chain Reaction - Dance Freak (1:20)
07 Foster Jackson Group - Feel The Spirit (1:57)
08 Foster Jackson Group - Feel The Spirit (Kenny Dope Scratch Breakdown) (2:02)
09 Paper Doll - Get Down Boy (3:27)
10 High Fidelity - Magic Carpet (3:40)
11 Gary Davis - Gotta Get Your Love (Kenny Dope Edit) (5:16)
12 Clyde Alexander & Sanction - Gotta Get Your Love (4:14)
13 Ahzz - New York Is Moving (3:46)
14 Personal Touch - It Ain't No Big Thing (3:29)
15 LaVaba & E. Mallison - Game Of Life (0:42)
16 Troy Rainey - Trick Tee Rap (0:07)
17 Family - Family Rap (1:25)
18 Cloud One - Patty Duke (0:33)
19 Shift - Roller Rink Funk (3:10)
20 Florence Miller - The Groove I'm In (2:41)
21 Lanier - 25 Hours (9:14)
22 Cloud One - Disco Juice (3:37)
23 Jesse Gould - Out Of Work (2:29)
24 Caress - Opportunity (3:12)
25 Cloud One - Atmosphere Strut (4:04)
26 Cloud One - Dust To Dust (4:17)",
Kool & The Gang,Best Of Kool & The Gang,37,Genre: Soul / Funk / Disco,https://www.discogs.com/release/6075504-Kool-The-Gang-Best-Of-Kool-The-Gang,,https://i.discogs.com/OqB32p8RH1wp0ZGixuBi-abDq1d1ChJAH976zz9VYu8/rs:fit/g:sm/q:90/h:600/w:600/czM6Ly9kaXNjb2dz/LWRhdGFiYXNlLWlt/YWdlcy9SLTYwNzU1/MDQtMTYzMjkzOTc3/NS04NDI0LmpwZWc.jpeg,"01 Fresh/Misled (Special Mix) (6:10)
02 Straight Ahead (3:31)
03 Steppin' Out (4:51)
04 Tonight (3:53)
05 Ladies' Night (6:38)
06 Cherish (4:45)
07 Good Time Tonight (4:59)
08 Joanna (4:20)
09 Celebration (5:00)
10 Stand Up And Sing (4:35)
11 September Love (4:39)
12 Emergency (Dance Mix) (5:30)
13 Get Down On It (4:58)",
Gotan Project / James Brown,Mixed CD,38,Genre: Soul / Funk / Disco,https://www.discogs.com/release/18672-Gotan-Project-La-Revancha-Del-Tango,,https://i.discogs.com/U0S62sj3FZGttuDp6LLK9TEmOhpRbvQTIz3JFgeFTvU/rs:fit/g:sm/q:90/h:600/w:598/czM6Ly9kaXNjb2dz/LWRhdGFiYXNlLWlt/YWdlcy9SLTM3OTYy/LTE2NDQ2MDI5MTYt/NTg0OS5qcGVn.jpeg,"01 Queremos Paz
02 Época
03 Chunga's Revenge
04 Tríptico
05 Santa Maria (Del Buen Ayre)
06 Una Música Brutal
07 El Capitalismo Foráneo
08 Last Tango in Paris
09 La Del Ruso
10 Vuelvo al Sur",
Manfred Krug,Das war nur ein Moment / Ein Hauch von Frühling,39,Genre: Soul / Funk / Disco,https://www.discogs.com/release/487580-Krug-G%C3%BCnther-Fischer-Das-War-Nur-Ein-Moment-Ein-Hauch-Von-Fr%C3%BChling,,https://i.discogs.com/YdvElRlZ5AfwAI7k6QBD_if9PmLqPBFrtJfqq386Rro/rs:fit/g:sm/q:90/h:597/w:600/czM6Ly9kaXNjb2dz/LWRhdGFiYXNlLWlt/YWdlcy9SLTQ4NzU4/MC0xNTAzMTczODgy/LTgwODYuanBlZw.jpeg,"01 Das War Nur Ein Moment - Du sagtest leider nur „Gut Nacht“ (2:38)
02 Das War Nur Ein Moment - Frag mich, warum (3:37)
03 Das War Nur Ein Moment - Der Tag beginnt (3:16)
04 Das War Nur Ein Moment - Gestern war der Ball (3:03)
05 Das War Nur Ein Moment - Unser Abend war wunderbar (2:46)
06 Das War Nur Ein Moment - Das war nur ein Moment (4:45)
07 Das War Nur Ein Moment - Hör auf! (3:39)
08 Das War Nur Ein Moment - Du gehst (4:25)
09 Das War Nur Ein Moment - Nacht, ich träume düster (5:39)
10 Das War Nur Ein Moment - Als ich rief nach dir (4:11)
11 Das War Nur Ein Moment - Ende der Platte (—)
12 Ein Hauch Von Frühling - Wenn's draußen grün wird (2:17)
13 Ein Hauch Von Frühling - Laß mich nicht gehn (5:19)
14 Ein Hauch Von Frühling - Komm und spiel mit mir (4:17)
15 Ein Hauch Von Frühling - Schau nicht hin (6:11)
16 Ein Hauch Von Frühling - Jeder Mann, der dich sah (4:17)
17 Ein Hauch Von Frühling - Kalt und weiß (4:33)
18 Ein Hauch Von Frühling - Sonntag (2:45)
19 Ein Hauch Von Frühling - Danke für den Abend (3:58)
20 Ein Hauch Von Frühling - Baden gehn (3:40)",
Manfred Krug,Greens / Du bist heute wie neu,40,Genre: Soul / Funk / Disco,https://www.discogs.com/release/510410-Krug-Greens-Du-Bist-Heute-Wie-Neu,,https://i.discogs.com/Fr39nsunezlP0EoVMBh2eiEYgrp-tuHzVHYzH53kUMs/rs:fit/g:sm/q:90/h:501/w:500/czM6Ly9kaXNjb2dz/LWRhdGFiYXNlLWlt/YWdlcy9SLTUxMDQx/MC0xMTI1NjA3NDQ2/LmpwZWc.jpeg,"01 Greens - Que Será (3:32)
02 Greens - The More I See You (3:47)
03 Greens - I Can't Give You Anything But Love (4:35)
04 Greens - Mame (3:37)
05 Greens - Niemand Liebt Dich So Wie Ich (3:48)
06 Greens - Alone Again (Naturally) (3:33)
07 Greens - Parlez Moi D'Amour (3:17)
08 Greens - Greensleeves (3:13)
09 Greens - Machs Gut, Ich Muß Gehn (Baby, It's Cold Outside) (4:16)
10 Greens - There's A Boat That's Leavin' Soon For New York (2:16)
11 Greens - Alles Geht Einmal Zu Ende (When It's Sleepy Time Down South) (1:46)
12 Du Bist Heute Wie Neu - Du Bist Heute Wie Neu (5:00)
13 Du Bist Heute Wie Neu - Alles Vorbei (5:28)
14 Du Bist Heute Wie Neu - Verdammt (4:02)
15 Du Bist Heute Wie Neu - Sie (4:28)
16 Du Bist Heute Wie Neu - Als Der Opa Von Uns Ging (4:03)
17 Du Bist Heute Wie Neu - Damals, Weißt Du Noch (4:22)
18 Du Bist Heute Wie Neu - Wenn Der Urlaub Kommt (4:12)
19 Du Bist Heute Wie Neu - In Einem Regen (4:06)
20 Du Bist Heute Wie Neu - Das Geht Mir Ans Herz (3:33)",
Marvin Gaye,What's Going On (Special Edition) CD 1,41,Genre: Soul / Funk / Disco,https://www.discogs.com/release/4584719-Marvin-Gaye-Whats-Going-On,,https://i.discogs.com/wHQo-9Q5W6BO_Ry3KwewGg4RyM4e7aKAdDqslpCPbxQ/rs:fit/g:sm/q:90/h:595/w:600/czM6Ly9kaXNjb2dz/LWRhdGFiYXNlLWlt/YWdlcy9SLTQ1ODQ3/MTktMTYwODUwMjE4/OC0zMDEwLnBuZw.jpeg,"01 What's Going On (3:53)
02 What's Happening Brother (2:44)
03 Flyin' High (In The Friendly Sky) (3:49)
04 Save The Children (4:03)
05 God Is Love (1:42)
06 Mercy Mercy Me (The Ecology) (3:13)
07 Right On (7:32)
08 Wholy Holy (3:08)
09 Inner City Blues (Make Me Wanna Holler) (5:27)
10 What's Going On (4:08)
11 What's Happening Brother (2:43)
12 Flyin' High (In The Friendly Sky) (3:49)
13 Save The Children (4:01)
14 God Is Love (1:47)
15 Mercy Mercy Me (The Ecology) (3:04)
16 Right On (7:32)
17 Wholy Holy (3:07)
18 Inner City Blues (Make Me Wanna Holler) (5:33)
19 What's Going On (Rhythm And Strings Mix) (3:50)",
Marvin Gaye,What's Going On (Special Edition) CD 2,42,Genre: Soul / Funk / Disco,https://www.discogs.com/release/4584719-Marvin-Gaye-Whats-Going-On,,https://i.discogs.com/wHQo-9Q5W6BO_Ry3KwewGg4RyM4e7aKAdDqslpCPbxQ/rs:fit/g:sm/q:90/h:595/w:600/czM6Ly9kaXNjb2dz/LWRhdGFiYXNlLWlt/YWdlcy9SLTQ1ODQ3/MTktMTYwODUwMjE4/OC0zMDEwLnBuZw.jpeg,"01 Sixties Medley (13:23)
02 Right On (7:33)
03 Wholy Holy (3:32)
04 Inner City Blues (Make Me Wanna Holler) (9:06)
05 What's Going On (5:42)
06 What's Happening Brother (2:55)
07 Flyin' High (In The Friendly Sky) (3:51)
08 Save The Children (4:22)
09 God Is Love (1:43)
10 Stage Dialogue (2:35)
11 Inner City Blues (Make Me Wanna Holler) (5:12)
12 What's Going On (4:01)
13 What's Going On (3:54)
14 God Is Love (2:48)
15 Sad Tomorrows (2:22)
16 ""Head Title"" Aka Distant Lover (4:08)",
Stevie Wonder,At the Close of a Century CD 1,43,Genre: Soul / Funk / Disco,https://www.discogs.com/release/218306-Stevie-Wonder-At-The-Close-Of-A-Century,,https://i.discogs.com/WKd3P8hRnH3zhxGu_YAyPgnPBFuhFCSx6VEAoUHQYSo/rs:fit/g:sm/q:90/h:538/w:600/czM6Ly9kaXNjb2dz/LWRhdGFiYXNlLWlt/YWdlcy9SLTIxODMw/Ni0xNjg3NzU1MDYx/LTYyMTUuanBlZw.jpeg,"01 Fingertips Pts. 1 & 2 (6:58)
02 Uptight (Everything's Alright) (2:56)
03 Nothing's Too Good For My Baby (2:46)
04 Blowin' In The Wind (3:08)
05 A Place In The Sun (2:53)
06 Hey Love (2:47)
07 I Was Made To Love Her (2:40)
08 Until You Come Back To Me (That's What I'm Gonna Do) (3:03)
09 I'm Wondering (2:58)
10 Shoo-Be-Doo-Be-Doo-Da-Day (2:49)
11 You Met Your Match (2:41)
12 For Once In My Life (2:51)
13 I Don't Know Why (2:51)
14 My Cherie Amour (2:55)
15 Yester-Me, Yester-You, Yesterday (3:05)
16 Never Had A Dream Come True (3:14)
17 Signed, Sealed, Delivered I'm Yours (2:40)
18 Heaven Help Us All (3:14)
19 We Can Work It Out (3:18)
20 If You Really Love Me (3:00)
21 Never Dreamed You'd Leave In Summer (2:56)
22 Superwoman (Where Were You When I Needed You) (8:08)
23 I Love Every Little Thing About You (3:56)",
Stevie Wonder,At the Close of a Century CD 2,44,Genre: Soul / Funk / Disco,https://www.discogs.com/release/218306-Stevie-Wonder-At-The-Close-Of-A-Century,,https://i.discogs.com/WKd3P8hRnH3zhxGu_YAyPgnPBFuhFCSx6VEAoUHQYSo/rs:fit/g:sm/q:90/h:538/w:600/czM6Ly9kaXNjb2dz/LWRhdGFiYXNlLWlt/YWdlcy9SLTIxODMw/Ni0xNjg3NzU1MDYx/LTYyMTUuanBlZw.jpeg,"01 Superstition (4:28)
02 You Are The Sunshine Of My Life (2:59)
03 You And I (4:39)
04 I Believe (When I Fall In Love It Will Be Forever) (4:52)
05 Too High (4:36)
06 Visions (5:23)
07 Living For The City (7:23)
08 Golden Lady (4:59)
09 Higher Ground (3:42)
10 All In Love Is Fair (3:42)
11 Don't You Worry 'Bout A Thing (4:45)
12 He's Misstra Know It All (5:36)
13 You Haven't Done Nothin' (3:25)
14 Heaven Is 10 Zillion Light Years Away (5:02)
15 Too Shy To Say (3:29)
16 Boogie On Reggae Woman (5:14)
17 Creepin' (4:20)",
The Police,The Police Disc 1,45,Genre: Pop,https://www.discogs.com/release/36148264-The-Police-The-Police,,https://i.discogs.com/khNT5gmicMfKcsU_kni2rRNsGsQwnd2WfdeMAMPQIhc/rs:fit/g:sm/q:90/h:450/w:600/czM6Ly9kaXNjb2dz/LWRhdGFiYXNlLWlt/YWdlcy9SLTM2MTQ4/MjY0LTE3Njc5ODQ5/MjktNDIwNS5qcGVn.jpeg,"01 Fall Out (2:04)
02 Can't Stand Losing You (2:58)
03 Next To You (2:52)
04 Roxanne (3:11)
05 Truth Hits Everybody (2:56)
06 Hole In My Life (4:49)
07 So Lonely (4:49)
08 Message In A Bottle (4:49)
09 Reggatta De Blanc (3:05)
10 Bring On The Night (4:15)
11 Walking On The Moon (5:01)
12 The Bed's Too Big Without You (4:25)
13 Don't Stand So Close To Me (4:02)
14 Driven To Tears (3:22)
15 Canary In A Coalmine (2:28)",
The Police,The Police Disc 2,46,Genre: Pop,https://www.discogs.com/release/36148264-The-Police-The-Police,,https://i.discogs.com/khNT5gmicMfKcsU_kni2rRNsGsQwnd2WfdeMAMPQIhc/rs:fit/g:sm/q:90/h:450/w:600/czM6Ly9kaXNjb2dz/LWRhdGFiYXNlLWlt/YWdlcy9SLTM2MTQ4/MjY0LTE3Njc5ODQ5/MjktNDIwNS5qcGVn.jpeg,"01 De Do Do Do, De Da Da Da (4:09)
02 Voices Inside My Head (3:50)
03 Invisible Sun (3:45)
04 Every Little Thing She Does Is Magic (4:21)
05 Spirits In The Material World (2:59)
06 Demolition Man (5:56)
07 Rehumanize Yourself (3:11)
08 Every Breath You Take (4:16)
09 Synchronicity I (3:25)
10 Wrapped Around Your Finger (5:16)
11 Walking In Your Footsteps (3:37)
12 Synchronicity II (5:02)
13 King Of Pain (5:00)
14 Murder By Numbers (4:37)
15 Tea In The Sahara (4:13)",
Cream,The Very Best of Cream,47,Genre: Indie / Psych / Rock,https://www.discogs.com/release/4869919-Cream-Strange-Brew-The-Very-Best-Of-Cream,,https://i.discogs.com/ETDsnD53O8RyR0vZPKvy5fQOx4XbDraQOlrIDt_JNlw/rs:fit/g:sm/q:90/h:526/w:600/czM6Ly9kaXNjb2dz/LWRhdGFiYXNlLWlt/YWdlcy9SLTQ4Njk5/MTktMTU2NzUxMDUz/Ni05Mzg0LmpwZWc.jpeg,"01 Badge (2:44)
02 Sunshine Of Your Love (4:10)
03 Crossroads (4:13)
04 White Room (4:58)
05 Born Under A Bad Sign (3:09)
06 Swlabr (2:31)
07 Strange Brew (2:45)
08 Anyone For Tennis? (The Savage Seven Theme) (2:37)
09 I Feel Free (2:51)
10 Politician (4:11)
11 Tales Of Brave Ulysees (2:46)
12 Spoonful (6:29)",
Jimi Hendrix,Crash Landing,48,Genre: Indie / Psych / Rock,https://www.discogs.com/release/1341771-Jimi-Hendrix-Crash-Landing,,https://i.discogs.com/yD7Xsv8VBgZL30D6c5_rlb_xtm5ab0RL7y5GfVQIHZU/rs:fit/g:sm/q:90/h:591/w:600/czM6Ly9kaXNjb2dz/LWRhdGFiYXNlLWlt/YWdlcy9SLTEzNDE3/NzEtMTU2MzQ0NDc5/MS03NDU4LmpwZWc.jpeg,"01 Message To Love (3:14)
02 Somewhere Over The Rainbow (3:31)
03 Crash Landing (4:16)
04 Come Down Hard On Me (3:17)
05 Peace In Mississippi (4:21)
06 With The Power (3:57)
07 Stone Free Again (3:25)
08 Captain Coconut (4:05)",
Elvis Presley,Elvis 2nd To None,49,Genre: Indie / Psych / Rock,https://www.discogs.com/release/1640082-Elvis-Presley-Elvis-2nd-To-None,,https://i.discogs.com/0MXsbrEoIFakOmjNkXskSR2swQHX2rYMlmC8_upIZGY/rs:fit/g:sm/q:90/h:600/w:600/czM6Ly9kaXNjb2dz/LWRhdGFiYXNlLWlt/YWdlcy9SLTE2NDAw/ODItMTIzMzkyNDI4/MS5qcGVn.jpeg,"01 That's All Right (1:57)
02 I Forgot To Remember To Forget (2:29)
03 Blue Suede Shoes (2:00)
04 I Want You, I Need You, I Love You (2:40)
05 Love Me (2:44)
06 Mean Woman Blues (2:16)
07 Loving You (2:16)
08 Treat Me Nice (2:12)
09 Wear My Ring Around Your Neck (2:15)
10 King Creole (2:09)
11 Trouble (2:18)
12 I Got Stung (1:51)
13 I Need Your Love Tonight (2:06)
14 A Mess Of Blues (2:41)
15 I Feel So Bad (2:55)
16 Little Sister (2:32)
17 Rock-A-Hula Baby (2:00)
18 Bossa Nova Baby (2:07)
19 Viva Las Vegas (2:25)
20 If I Can Dream (3:10)
21 Memories (3:07)
22 Don't Cry Daddy (2:47)
23 Kentucky Rain (3:19)
24 You Don't Have To Say You Love Me (2:31)
25 An American Trilogy (4:39)
26 Always On My Mind (3:38)
27 Promised Land (2:58)
28 Moody Blue (2:49)
29 I'm A Roustabout (Previously Unreleased) (2:11)
30 Rubberneckin' (Paul Oakenfold Remix - Radio Edit) (3:31)",
Nirvana,MTV Unplugged in New York,50,Genre: Indie / Psych / Rock,https://www.discogs.com/release/10628306-Nirvana-MTV-Unplugged-In-New-York,,https://i.discogs.com/IhvZBnGgGA2vPBN_bVUE37FVtoe74QgnRm0Sn4Gj0_A/rs:fit/g:sm/q:90/h:600/w:600/czM6Ly9kaXNjb2dz/LWRhdGFiYXNlLWlt/YWdlcy9SLTEwNjI4/MzA2LTE2MTExMzE0/NTQtNzY4MS5qcGVn.jpeg,"01 About A Girl (3:38)
02 Come As You Are (4:14)
03 Jesus Doesn't Want Me For A Sunbeam (4:37)
04 The Man Who Sold The World (4:21)
05 Pennyroyal Tea (3:41)
06 Dumb (2:53)
07 Polly (3:16)
08 On A Plain (3:45)
09 Something In The Way (4:01)
10 Plateau (3:39)
11 Oh Me (3:26)
12 Lake Of Fire (2:56)
13 All Apologies (4:23)
14 Where Did You Sleep Last Night (5:06)",
Hole,Live Through This,51,Genre: Indie / Psych / Rock,https://www.discogs.com/release/367733-Hole-Live-Through-This,,https://i.discogs.com/EaC_jDnMcGCQWJD82kP-W8Lvi_NQtrDedi0kNbg4oGI/rs:fit/g:sm/q:90/h:600/w:600/czM6Ly9kaXNjb2dz/LWRhdGFiYXNlLWlt/YWdlcy9SLTM2Nzcz/My0xMjkxMTU4NzI2/LmpwZWc.jpeg,"01 Violet (3:24)
02 Miss World (2:58)
03 Plump (2:34)
04 Asking For It (3:29)
05 Jennifers Body (3:40)
06 Doll Parts (3:31)
07 Credit In The Straight World (3:10)
08 Softer, Softest (3:28)
09 She Walks On Me (3:24)
10 I Think That I Would Die (3:36)
11 Gutless (2:15)
12 Rock Star (2:42)",
The Wedding Present,Seamonsters,52,Genre: Indie / Psych / Rock,https://www.discogs.com/release/367196-Theweddingpresent-Seamonsters,,https://i.discogs.com/DsxpQpShifFw5gN7gT8FNUytjHUAKhY14-cjQBVf7Bg/rs:fit/g:sm/q:90/h:597/w:600/czM6Ly9kaXNjb2dz/LWRhdGFiYXNlLWlt/YWdlcy9SLTM2NzE5/Ni0xMjQxMzc4MjAw/LmpwZWc.jpeg,"01 Dalliance (4:24)
02 Dare (3:43)
03 Suck (3:57)
04 Blonde (5:06)
05 Rotterdam (3:14)
06 Lovenest (5:11)
07 Corduroy (3:29)
08 Carolyn (3:36)
09 Heather (3:31)
10 Octopussy (6:17)",
Working for a Nuclear Free City,Working for a Nuclear Free City,53,Genre: Indie / Psych / Rock,https://www.discogs.com/release/818029-Working-For-A-Nuclear-Free-City-Working-For-A-Nuclear-Free-City,,https://i.discogs.com/Gqwm13R4Xqoy-9MS1G1RpyqSDVJiPH03TwGltiQ9Wgc/rs:fit/g:sm/q:90/h:534/w:600/czM6Ly9kaXNjb2dz/LWRhdGFiYXNlLWlt/YWdlcy9SLTgxODAy/OS0xNDkyMDAwMTM4/LTM3MzEuanBlZw.jpeg,"01 The 224th Day
02 Troubled Son
03 Dead Fingers Talking
04 Pixelated Birds
05 Quiet Place
06 The Tape
07 England
08 Over
09 So
10 Innocence
11 Home
12 Fallout
13 Forever
14 The Tree",
A Mountain of One,Collected Works,54,Genre: Chill / Downbeat /Trip-Hop,https://www.discogs.com/release/1256306-A-Mountain-Of-One-Collected-Works,,https://i.discogs.com/POvLyr-al72Ct65JxUBgDXOLVKGLGi15TrB3LIwvrz8/rs:fit/g:sm/q:90/h:589/w:600/czM6Ly9kaXNjb2dz/LWRhdGFiYXNlLWlt/YWdlcy9SLTEyNTYz/MDYtMTQ4MzQ0MjQx/Ni00Njk0LmpwZWc.jpeg,"01 Ride (6:45)
02 Warping Of The Clock (4:43)
03 Freefall (6:13)
04 Can't Be Serious (4:23)
05 Our Eyes (3:33)
06 Innocent Line (6:05)
07 Innocent Reprise (6:36)
08 Your Love Over Gold (6:38)
09 People Without Love (7:29)
10 Arc Of Abraham (7:11)
11 Here Goes Nothing (3:33)
12 Brown Piano (8:17)",
Omara Portuondo,Omara Portuondo,55,Genre: Brazil / Latin,https://www.discogs.com/release/418488-Omara-Portuondo-Omara-Portuondo,,https://i.discogs.com/lD3VxbCO51ICfJVr8inMFE1lhCoesnDrGXisGyaUUIY/rs:fit/g:sm/q:90/h:535/w:600/czM6Ly9kaXNjb2dz/LWRhdGFiYXNlLWlt/YWdlcy9SLTQxODQ4/OC0xMzExNDUyODI5/LmpwZWc.jpeg,"01 La Sitiera
02 He Perdido Contigo
03 ¿Dónde Estabas Tú?
04 Mariposita De Primavera
05 Canta Lo Sentimental
06 Ella Y Yo
07 No Me Vayas A Engañar
08 No Me Llores Más
09 Veinte Años
10 El Hombre Que Yo Amé (The Man I Love)
11 Siempre En Mi Corazón",
Astrud Gilberto,Look to the Rainbow,56,Genre: Brazil / Latin,https://www.discogs.com/release/8063218-Astrud-Gilberto-Look-To-The-Rainbow,,https://i.discogs.com/s16ZNQag0Kz40WjRyO1R1Re9ZFUoLGY7iXScbviigUo/rs:fit/g:sm/q:90/h:600/w:600/czM6Ly9kaXNjb2dz/LWRhdGFiYXNlLWlt/YWdlcy9SLTgwNjMy/MTgtMTc1NDc0MjU2/NS0xNzg4LmpwZWc.jpeg,"01 Berimbau (2:23)
02 Once Upon A Summertime (3:02)
03 Felicidade (2:44)
04 I Will Wait For You (4:38)
05 Frevo (2:21)
06 Maria Quiet (Maria Moite) (1:52)
07 Look To The Rainbow (3:26)
08 Bim Bom (1:49)
09 Lugar Bonita (Pretty Place) (3:16)
10 El Preciso Aprender A Ser So (Learn To Live Alone) (3:20)
11 She's A Carioca (2:26)
12 A Certain Smile (1:26)
13 A Certain Sadness (3:07)
14 Nega Do Cabelo Duro (2:17)
15 So Nice (Summer Samba) (2:35)
16 Voce Ja Foi A Bahia (2:14)
17 Portuguese Washerwoman (1:30)",
Various Artists,Secret Love 2,57,Genre: Chill / Downbeat /Trip-Hop,https://www.discogs.com/release/561703-Jazzanova-Resoul-Secret-Love-2,,https://i.discogs.com/1BblYb1pi-bCRTtXAvii1099YAj-fcgN_XEgmXdogUs/rs:fit/g:sm/q:90/h:541/w:600/czM6Ly9kaXNjb2dz/LWRhdGFiYXNlLWlt/YWdlcy9SLTU2MTcw/My0xNjAxMTI4NzM3/LTExOTYuanBlZw.jpeg,"01 Chungking - Making Music (4 Hero Remix) (5:07)
02 Freeform Five - Slow (4:02)
03 Roger Robinson - Dream Keepa (3:03)
04 Psapp - Tiger, My Friend (3:15)
05 Brooks - Tell Somebody About Us (Akufen Raconte Sa Version De Faits) (5:34)
06 G-Litter - Seoul '88 (3:59)
07 1Luv - The Answer (3:40)
08 Thief - Home (4:20)
09 Fleck Fumie - From The Morning (3:50)
10 Tunng - Tale From Black (5:31)
11 Fat Freddy's Drop - Del Fuego (5:24)
12 März - The River (5:14)
13 Daft Punk - Make Love (4:54)",
Various Artists,Secret Love 4,58,Genre: Chill / Downbeat /Trip-Hop,https://www.discogs.com/release/7328473-Various-Secret-Love-4-One-Is-Not-Like-The-Other,,https://i.discogs.com/XhZilca0xQlg54sBLT4z0LpodOk7S5vcXfsBu5o7jmc/rs:fit/g:sm/q:90/h:300/w:300/czM6Ly9kaXNjb2dz/LWRhdGFiYXNlLWlt/YWdlcy9SLTczMjg0/NzMtMTQ5Mjk1ODI5/MC02MTY0LmpwZWc.jpeg,"01 The Lawries - Sailboats (3:40)
02 Midlake - Roscoe (Beyond The Wizards Sleeve Mix) (6:51)
03 Clara Hill - About You (4:12)
04 Andrew Bird - Imitosis (4:00)
05 Breaks Co-Op - Duet (4:43)
06 Roebeck - Atlantic (5:32)
07 A Race Of Angels - Africa Displaced (4:07)
08 Findlay Brown - Losing The Will To Survive (Beyond The Wizards Sleeve Reanimation) (6:39)
09 Choir Of Young Believers - Riot (4:42)
10 Thief - Down Down (4:21)
11 Little Dragon - Twice (3:08)
12 Kalabrese - Hide (4:31)
13 Nostalgia 77 - Little Steps (4:58)
14 Jamie Woon - Wayfaring Stranger (5:17)
15 Eva Be feat. Pegah Ferydoni - She Walks Alone (Secret Lover Remix) (3:24)
16 Paul Weller - The Loved (3:15)",
Various Artists,Secret Love 5,59,Genre: Chill / Downbeat /Trip-Hop,https://www.discogs.com/release/1460485-Various-Secret-Love-5,,https://i.discogs.com/OwWqBR0zGqSYEqiYWws1ZUXYy740GMf-YfQxc-mWR14/rs:fit/g:sm/q:90/h:350/w:350/czM6Ly9kaXNjb2dz/LWRhdGFiYXNlLWlt/YWdlcy9SLTE0NjA0/ODUtMTI2NDkzODI5/My5qcGVn.jpeg,"01 Nikolaj Grandjean - The First Picture (2:06)
02 Choir Of Young Believers - Things I Stole (Evil Death Machine Cover) (4:34)
03 Brent Cash - This Sea, These Waves (4:07)
04 Quiet Village - Broken Promises (5:46)
05 Recloose - Deeper Waters (Eva Be's Secret Lover Remix) (3:33)
06 Pop Levi - Love You Straight (Astral Version) (3:19)
07 Crowdpleaser & Ly Sander - Walking Home (Lexx' 7"" Version) (3:12)
08 Boom Clap Bachelors - Combiner (5:45)
09 Savath & Savalas - Estrellas De Dos Caras (4:31)
10 Lars Bartkuhn - Harmony Of The Spheres (5:51)
11 Woolfy vs. Projections - Absynth (5:58)
12 The Rubies feat. Feist - I Feel Electric (Tiedeye Remix) (8:43)
13 Thief - Down, Down (Owusu Remix) (4:22)
14 Clutchy Hopkins - Song For Wolfie (4:36)
15 Stee Downes - Destruction Of Ourselves (5:23)",
Jazzanova,Broad Casting...,60,Genre: Chill / Downbeat /Trip-Hop,https://www.discogs.com/release/738841-Jazzanova-Broad-Casting,,https://i.discogs.com/-sf_ZRKbpftf2IVTDP_C6KEuyBszZ2l_sjXyw9sGoe0/rs:fit/g:sm/q:90/h:539/w:600/czM6Ly9kaXNjb2dz/LWRhdGFiYXNlLWlt/YWdlcy9SLTczODg0/MS0xMjEwMDE0NjE1/LmpwZWc.jpeg,"01 Wahoo - Candlelight (4:14)
02 The Slapped Eyeballers - Or At Least (3:34)
03 Soulphiction - Intermission (0:12)
04 Âme - Excelsior (6:21)
05 Fat Freddys Drop - Flashback (Jazzanova's Mashed Bag Mix) (3:32)
06 Leroy & Darnell - Skitsophrenic Pt. 2 (0:36)
07 Capitol A - In The (Re)Mix (Starship Interpretation) (4:12)
08 Norman Weeks & The Revelations - I Just Wanna Sing For You (2:55)
09 Eva Be - No Memory Of Time (Reggae Version) (5:38)
10 Studio R - Clapz (Trickski Remix) (5:42)
11 Slope - Ain't Nothing Like This Feeling (Charles Webster's 115 BPM Mix) (3:42)
12 Jazzanova - Boom Clicky Boom Klack (Mr. Scruff's Vocal Mix) (5:00)
13 Clara Hill Meets Atjazz - Nowhere (I Can Go) (Atjazz' Astro Black Mix) (5:16)
14 Agora Rhythm - My Vision (Dixon Edit) (7:33)
15 Clyde & Capitol A - Serve It Up (Starship Mix) (3:50)
16 Pharoah Roche - Sun Of A Beach (London Mix) (6:00)
17 Jaslopski - Beatzeps (4:56)
18 Arken - Step Off (4:09)
20 Nicola Kramer - So Long (4:06)
21 Jazzanova / Outlines - Just A Lil' Lovin' (Just A Lil' Outro)",
The Whitest Boy Alive,Dreams,61,Genre: Indie / Psych / Rock,https://www.discogs.com/release/6509088-The-Whitest-Boy-Alive-Dreams,,https://i.discogs.com/5ixH87W99HlRdQMgn96Z1bFo-tX7Oa5F5vPvOO1qtVo/rs:fit/g:sm/q:90/h:300/w:300/czM6Ly9kaXNjb2dz/LWRhdGFiYXNlLWlt/YWdlcy9SLTY1MDkw/ODgtMTQyMDg5NTUy/MC05NjM5LmpwZWc.jpeg,"01 Burning (3:11)
02 Golden Cage (4:02)
03 Fireworks (3:12)
04 Done With You (5:24)
05 Don't Give Up (5:55)
06 Above You (3:14)
07 Inflation (3:49)
08 Figures (3:57)
09 Borders (5:30)
10 All Ears (3:19)",
Little Dragon,Machine Dreams,62,Genre: Indie / Psych / Rock,https://www.discogs.com/release/1890282-Little-Dragon-Machine-Dreams,,https://i.discogs.com/Fp0yqK_aj1-OX9EsyOaWWDDCzXgW4SdjwOaZLwqjqtw/rs:fit/g:sm/q:90/h:538/w:600/czM6Ly9kaXNjb2dz/LWRhdGFiYXNlLWlt/YWdlcy9SLTE4OTAy/ODItMTY2ODg1ODgy/NC02MzMwLmpwZWc.jpeg,"01 A New (4:02)
02 Looking Glass (4:55)
03 My Step (3:27)
04 Feather (4:54)
05 Thunder Love (3:55)
06 Never Never (3:37)
07 Runabout (4:23)
08 Swimming (3:39)
09 Blinking Pigs (3:40)
10 Come Home (4:13)
11 Fortune (3:12)",
Thievery Corporation,The Mirror Conspiracy,63,Genre: Chill / Downbeat /Trip-Hop,https://www.discogs.com/release/3477-Thievery-Corporation-The-Mirror-Conspiracy,,https://i.discogs.com/-Jv74cYAqqtXrkc-uyUi09phrpIB9ZfNwY9SiXqX3LA/rs:fit/g:sm/q:90/h:532/w:600/czM6Ly9kaXNjb2dz/LWRhdGFiYXNlLWlt/YWdlcy9SLTM0Nzct/MTQ0ODE1MjQzMC05/MzcyLmpwZWc.jpeg,"01 Treasures (2:22)
02 Le Monde (3:09)
03 Indra (5:20)
04 Lebanese Blonde (4:46)
05 Focus On Sight (3:45)
06 Air Batucada (4:44)
07 So Com Voce (2:45)
08 Samba Tranquille (3:04)
09 Shadows Of Ourselves (3:35)
10 The Hong Kong Triad (2:59)
11 Illumination (4:36)
12 The Mirror Conspiracy (3:43)
13 Tomorrow (3:41)",
Goldfrapp,Seventh Tree,64,Genre: Chill / Downbeat /Trip-Hop,https://www.discogs.com/release/1253328-Goldfrapp-Seventh-Tree,,https://i.discogs.com/FKS0FhpLHtDmp9sKuL7Ik2CAWYAehdMZwG1MvKcn0hQ/rs:fit/g:sm/q:90/h:594/w:596/czM6Ly9kaXNjb2dz/LWRhdGFiYXNlLWlt/YWdlcy9SLTEyNTMz/MjgtMTIwNDI0MjM0/MC5qcGVn.jpeg,"01 Clowns (4:08)
02 Little Bird (4:25)
03 Happiness (4:17)
04 Road To Somewhere (3:52)
05 Eat Yourself (4:06)
06 Some People (4:40)
07 A&E (3:18)
08 Cologne Cerrone Houdini (4:26)
09 Caravan Girl (4:05)
10 Monster Love (4:23)",
Fat Freddy's Drop,Based on a True Story,65,Genre: Chill / Downbeat /Trip-Hop,https://www.discogs.com/release/504335-Fat-Freddys-Drop-Based-On-A-True-Story,,https://i.discogs.com/YWqL_LjC1jFLA18Mnta9W1oE9lrYA4IDFd1IctWK7hM/rs:fit/g:sm/q:90/h:536/w:600/czM6Ly9kaXNjb2dz/LWRhdGFiYXNlLWlt/YWdlcy9SLTUwNDMz/NS0xMzQyMjA0Mjcy/LTE0OTEuanBlZw.jpeg,"01 Ernie (7:17)
02 Cay's Crays (7:07)
03 This Room (5:00)
04 Ray Ray (7:38)
05 Dark Days (6:40)
06 Flashback (6:30)
07 Roady (7:10)
08 Wandering Eye (9:49)
09 Del Fuego (5:24)
10 Hope (7:19)",
Low Motion Disco,Keep It Slow,66,Genre: Chill / Downbeat /Trip-Hop,https://www.discogs.com/release/1200838-Low-Motion-Disco-Keep-It-Slow,,https://i.discogs.com/Dh_-EXcxTyHtpP_3eJnl4QyUpZY727xZbik0xrIi3k4/rs:fit/g:sm/q:90/h:400/w:384/czM6Ly9kaXNjb2dz/LWRhdGFiYXNlLWlt/YWdlcy9SLTEyMDA4/MzgtMTIwMDMwMjMy/My5qcGVn.jpeg,"01 Intro (0:38)
02 Born On The Low Side (4:31)
03 Things Are Gonna Get Easier (6:16)
04 Talk Low When In Space (6:13)
05 Love Knows Low (3:46)
06 Frantic Low Moment (5:09)
07 Love Love Love (6:04)
08 The Low Murderer Is Out At Night (7:00)
09 Low Italian Déssert (Try It Out) (4:58)
10 East Mountain Low (4:46)
11 People Come In Slowly (8:50)
12 At Last I Am Low (7:10)
13 Keep It Low (2:09)",
Tosca,Fuck Dub,67,Genre: Chill / Downbeat /Trip-Hop,https://www.discogs.com/release/29102-Tosca-Fuck-Dub,,https://i.discogs.com/ZLpoSOCgtPrpIS6xEXU5srsAF8EvDRtVvCrEOt5qfuQ/rs:fit/g:sm/q:90/h:538/w:600/czM6Ly9kaXNjb2dz/LWRhdGFiYXNlLWlt/YWdlcy9SLTI5MTAy/LTE1Nzg5NjM4NDEt/MjkxMS5qcGVn.jpeg,"01 Fucked Up Intro (0:30)
02 Fuck Dub (Shantel Mix) (6:16)
03 Worksong (Uptight Mix) (3:24)
04 Fuck Dub (Baby Mammoth Mix Nr. 1) (4:56)
05 Fuck Dub (Haaksman Mix) (4:59)
06 Fuck Dub (Fila Brazillia Mix) (3:23)
07 Fuck Dub (Fauna Flash ""The Night Before The Morning After"" Mix) (5:42)
08 Fuck Dub (Baby Mammoth Mix Nr. 2) (4:41)
09 Fuck Dub (Fuck Electro Beanfield Mix) (6:57)
10 Fucked Up Voices (0:24)
11 Fuck Dub (Baby Mammoth Mix Nr. 3) (6:02)
12 Worksong (Rue D'Irlande Mix) (3:28)
13 Fuck Dub (Gambusa Mix) (2:16)
14 Fuck Dub (Pulsinger / Tunakan Mix) (4:40)
15 Fuck Dub (Auinger Mix) (4:15)",
Various Artists,G-Stone Master Series №1 Peter Kruder Private Collection,68,Genre: Chill / Downbeat /Trip-Hop,https://www.discogs.com/release/3024238-Various-G-Stone-Master-Series-1-Peter-Kruder-Private-Collection,,https://i.discogs.com/y9SE7vK1dfdCnN73Nk0qL4NhJ9YAp349h7Q3n59sf1M/rs:fit/g:sm/q:90/h:592/w:588/czM6Ly9kaXNjb2dz/LWRhdGFiYXNlLWlt/YWdlcy9SLTMwMjQy/MzgtMTMxMjIyNTQ0/OS5qcGVn.jpeg,"01 Talk Talk - The Rainbow (7:59)
02 Tortoise - On the Chin (5:06)
03 The Observatory - Waste Your Life (0:44)
04 Milt Jackson with the Ray Brown Big Band - Enchanted Lady (5:05)
05 Pierre Moerlen's Gong - Adrien (3:31)
06 Charles Webster - Sweet Butterfly (5:23)
07 Tom Waits - Clap Hands (3:43)
08 Jan Hammer - Darkness / Earth in Search of a Sun (4:26)
09 Peace Orchestra - Consequences (Private Edit) (6:08)
10 Kruder & Dorfmeister - Sleazy Rider (6:15)
11 Stargard - Three Girls (3:59)
12 Craig Armstrong - In My Own Words (2:33)
13 Japan - Ghosts (4:21)
14 Bernard Herrmann - The Days Do Not End (4:00)
15 Jon Brion - Here We Go (4:40)
16 Château Flight - Superflight (6:18)
17 Rokia Traoré - Mariama (5:35)",
Various Artists,Protected Massive Samples,69,Genre: Mixed Compilation,https://www.discogs.com/release/5017307-Various-Protected-Massive-Samples,,https://i.discogs.com/WauSsT85ug8q_edWzw4zgefgP074nr1teObOGECx9jk/rs:fit/g:sm/q:90/h:600/w:600/czM6Ly9kaXNjb2dz/LWRhdGFiYXNlLWlt/YWdlcy9SLTUwMTcz/MDctMTM4MjIzOTYz/NC02MDM2LmpwZWc.jpeg,"01 Wally Badarou - Mambo
02 Lowrell - Mellow Mellow
03 William DeVaughn - Be Thankful For What You've Got
04 Al Green - I'm Glad You're Mine
05 James Brown - Never Can Say Goodbye
06 Isaac Hayes - Ike's Mood
07 Billy Cobham - Stratus
08 Lewin Bones Lock - Five Man Army Dub
09 John Holt - Man Next Door
10 The Blackbyrds - Rock Creek Park
11 Pieces Of A Dream - It's Time For Love
12 Rufus & Chaka Khan - Any Love",
Massive Attack x Mad Professor,No Protection,70,Genre: Chill / Downbeat /Trip-Hop,https://www.discogs.com/release/9041539-Massive-Attack-V-Mad-Professor-No-Protection,,https://i.discogs.com/M-fcGMceOqD_XlNz8dkeshX-puWUe-u5P317kbZQeMQ/rs:fit/g:sm/q:90/h:592/w:600/czM6Ly9kaXNjb2dz/LWRhdGFiYXNlLWlt/YWdlcy9SLTkwNDE1/MzktMTQ3Mzc1ODc1/MC00NjAyLmpwZWc.jpeg,"01 Radiation Ruling The Nation (Protection) (8:35)
02 Bumper Ball Dub (Karmacoma) (5:59)
03 Trinity Dub (Three) (4:22)
04 Cool Monsoon (Weather Storm) (7:10)
05 Eternal Feedback (Sly) (6:26)
06 Moving Dub (Better Things) (5:57)
07 I Spy (Spying Glass) (5:07)
08 Backward Sucking (Heat Miser) (6:16)",
Air,Moon Safari,71,Genre: Chill / Downbeat /Trip-Hop,https://www.discogs.com/release/10097854-AIR-French-Band-Moon-Safari,,https://i.discogs.com/gD0x8gcQCEC4KgTQMZ2A-ixu2exXVxS7mLQ3vfHXnsA/rs:fit/g:sm/q:90/h:599/w:600/czM6Ly9kaXNjb2dz/LWRhdGFiYXNlLWlt/YWdlcy9SLTEwMDk3/ODU0LTE0OTM4OTQ2/MzEtNzkyNC5qcGVn.jpeg,"01 La Femme D'Argent (7:09)
02 Sexy Boy (4:57)
03 All I Need (4:27)
04 Kelly, Watch The Stars! (3:46)
05 Talisman (4:16)
06 Remember (2:34)
07 You Make It Easy (4:01)
08 Ce Matin Là (3:38)
09 New Star In The Sky (Chanson Pour Solal) (5:40)
10 Le Voyage De Pénélope (3:11)",
Various Artists,Discovered (A Collection Of Daft Funk Samples),72,Genre: Mixed Compilation,https://www.discogs.com/release/1109028-Various-Discovered-A-Collection-Of-Daft-Funk-Samples,,https://i.discogs.com/Xh_K68TWEZ6Nk-bAI2xZdiQS2GWkVQg0jDS7xMroIEo/rs:fit/g:sm/q:90/h:591/w:600/czM6Ly9kaXNjb2dz/LWRhdGFiYXNlLWlt/YWdlcy9SLTExMDkw/MjgtMTE5MjY5Njgx/My5qcGVn.jpeg,"01 Breakwater - Release The Beast (4:55)
02 George Duke - I Love You More (3:08)
03 Edwin Birdsong - Cola Bottle Baby (5:13)
04 Cerrone - Supernature (8:10)
05 Tata Vega - Get It Up For Love (2:56)
06 Karen Young - Hot Shot (8:37)
07 Chaka Khan - Fate (5:32)
08 Sister Sledge - Il Macquillage Lady (3:53)
09 Oliver Cheatham - Get Down Saturday Night (5:39)
10 Eddie Johns - I Put A Spell On You (5:07)
11 Little Anthony & The Imperials - Can You Imagine (3:07)
12 Jerry Goldsmith - The Rec Room (3:22)",
Various Artists,Kitsuné Tabloid (Mixed by Phoenix),73,Genre: Mixed Compilation,https://www.discogs.com/release/1698402-Phoenix-Kitsun%C3%A9-Tabloid,,https://i.discogs.com/jyvfzjpOE13HSuXKlpGEvHGNfpnok9LY3czw0ef_XIs/rs:fit/g:sm/q:90/h:599/w:600/czM6Ly9kaXNjb2dz/LWRhdGFiYXNlLWlt/YWdlcy9SLTE2OTg0/MDItMTIzNzcwMDcw/NS5qcGVn.jpeg,"01 Kiss - Love Theme From Kiss (2:23)
02 Dirty Projectors - Rise Above (5:00)
03 The Red Crayola - Victory Garden (1:51)
04 The Impressions - I've Been Trying (2:47)
05 Chris Bell - I Am The Cosmos (3:45)
06 Roxy Music - Pyjamarama (2:53)
07 13th Floor Elevators - I Had To Tell You (2:27)
08 Elvis Costello & The Attractions - Shipbuilding (4:48)
09 D'Angelo - Send It On (5:58)
10 Tangerine Dream - Love On A Real Train (3:56)
11 Urge Overkill - Stull (Part 1) (5:26)
12 Lô Borges - Aos Barões (2:32)
13 Iggy Pop & James Williamson - Master Charge (4:31)
14 Dennis Wilson - Lady (Falling In Love) (2:09)
15 Irma Thomas - It's Raining (2:06)
16 Ritchie Valens - In A Turkish Town (2:09)
17 Dusty Springfield - I Think It's Gonna Rain Today (3:15)
18 Lou Reed - Street Hassle (11:00)",
Various Artists,Dirty Diamonds 2,74,Genre: Mixed Compilation,https://www.discogs.com/release/379143-Various-Dirty-Diamonds-II,,https://i.discogs.com/RVmWNoUgMs5p3Iz2eKE3O-H4HLV4Pj6pQQ6klDb6P-w/rs:fit/g:sm/q:90/h:592/w:600/czM6Ly9kaXNjb2dz/LWRhdGFiYXNlLWlt/YWdlcy9SLTM3OTE0/My0xMzE5NjgyODYz/LmpwZWc.jpeg,"01 Moondog - Voices Of Spring (1:48)
02 The Konki Duet - On Dort Mieux Quand Il Pleut (1:05)
03 William Sheller - Lux Aeterna Introit (3:22)
04 Sa-Ra - Glorious (4:39)
05 Simon Dupree & The Big Sound - Kites (3:47)
06 Nino Rota - O Venezia, Venaga, Venusia (3:40)
07 Air - Alpha Beta Gaga (Jackson Remix) (4:18)
08 John Foxx - Metal Beat (3:01)
09 I Monster - These Are Our Children (4:07)
10 Arthur Russell - See Through Love (2:08)
11 The Pastels - Wilderness End Theme (3:35)
12 Martin L. Gore - Compulsion (5:26)
13 Frankie Knuckles feat. Jamie Principle - Your Love (6:43)
14 Yello - Daily Disco (4:05)
15 Chicken Lips - Do It Proper (Maurice Fulton Remix) (6:29)
16 Out Hud - Hair Dude, You're Stepping On My Mystique (4:21)
17 Money Penny Project - Le Cercle De Minuit (The Swizz Poney Remix by Octet) (7:07)
18 Harry Nilsson - One (2:55)",
Life on Earth!,Look!! There Is Life On Earth!,75,Genre: Indie / Psych / Rock,https://www.discogs.com/release/4308713-Life-On-Earth-Look-There-Is-Life-On-Earth,,https://i.discogs.com/jpgtrN_xA-S2qs3ilJxcy8sY5aGP2JPPMsmJvv5XSBc/rs:fit/g:sm/q:90/h:400/w:400/czM6Ly9kaXNjb2dz/LWRhdGFiYXNlLWlt/YWdlcy9SLTQzMDg3/MTMtMTM2MTM1MjQw/Ni02NzI1LmpwZWc.jpeg,"01 Life On Earth (6:09)
02 Sell Your Soul To Me (3:42)
03 City By The Sea (5:13)
04 Life Turns Fast (4:57)
05 Endless Variety (2:34)
06 Barefoot On Tiptoe (4:20)
07 Bubble Of Magic (3:09)
08 You Are There (9:22)
09 After A Few Years We Settled Down, Got Kids And Bought Our First Car (4:21)
10 Lost Chapter of Dreaming (1:08)
11 Right in Between (4:26)
12 (Untitled) (Bonus Track) (28:26)",
Quiet Village,RA.104 Resident Advisor Mix,76,Genre: Chill / Downbeat /Trip-Hop,https://www.discogs.com/release/3732710-Quiet-Village-RA104,,https://i.discogs.com/n7StcXjLaC3NvoRu_0-yUyLx0zZmKD5-U7qrPnL2VyY/rs:fit/g:sm/q:90/h:400/w:312/czM6Ly9kaXNjb2dz/LWRhdGFiYXNlLWlt/YWdlcy9SLTM3MzI3/MTAtMTM0MjE3Njk2/Ni01NjEwLmpwZWc.jpeg,01 Track 01,"01 Quiet Village – Victoria’s Secret
02 Rhythm & Sound – Jah (Version)
03 Jackie Mittoo – After Xmas
04 Warp 69 – Natural High
05 Led Zeppelin – Babe I’m Gonna Leave You
06 Stelvio Cipriani – Main Theme From Blindman
07 Quiet Village – Gold Rush
08 Sérgio Mendes – Crystal Illusions
09 Celestine Ukwu – Okwukwe Na Nchekwube
10 US69 – On My Way"
Thomas Fehlmann,Gute Luft,77,Genre: Chill / Downbeat /Trip-Hop,https://www.discogs.com/release/2220504-Thomas-Fehlmann-Gute-Luft,,https://i.discogs.com/oV7bVshth7RDSyJXft0VvtlkvtZwkhcIuE-k_vkmQNE/rs:fit/g:sm/q:90/h:600/w:600/czM6Ly9kaXNjb2dz/LWRhdGFiYXNlLWlt/YWdlcy9SLTIyMjA1/MDQtMTMyNjI1MDk1/MC5qcGVn.jpeg,"01 Alles, Immer (6:18)
02 Falling Into Your Eyes (4:08)
03 Wasser Im Fluss (4:18)
04 Schwerelos (6:18)
05 Speeding (6:36)
06 In The Wind II (3:35)
07 Soft Park (3:05)
08 Permanent Touch (3:23)
09 Von Oben (6:25)
10 Fluss Im Wasser (3:25)
11 Cityscape (4:08)
12 Berliner Luftikus (3:49)
13 Darkspark (3:03)
14 Im Überblick (4:53)
15 Scheiben (5:56)",
St. Germain,Tourist,78,Genre: House,https://www.discogs.com/release/1226-St-Germain-Tourist,,https://i.discogs.com/2fzF2TRtcJQqAvoNx9OXwLO5tjr5lU69SAuUKRFnPaE/rs:fit/g:sm/q:90/h:587/w:598/czM6Ly9kaXNjb2dz/LWRhdGFiYXNlLWlt/YWdlcy9SLTEyMjYt/MTExNDYxNTk1OS5q/cGc.jpeg,"01 Rose Rouge (7:02)
02 Montego Bay Spleen (5:41)
03 So Flute (8:29)
04 Land Of... (7:50)
05 Latin Note (5:57)
06 Sure Thing (6:22)
07 Pont Des Arts (7:25)
08 La Goutte D'Or (6:17)
09 What You Think About... (4:48)",
Move D,Kunststoff,79,Genre: House,https://www.discogs.com/release/796583-Move-D-Kunststoff,,https://i.discogs.com/SMsOugqDgfZGHmhs9nxftzlpJ5gdfFiFxbMSzEHPOIU/rs:fit/g:sm/q:90/h:590/w:600/czM6Ly9kaXNjb2dz/LWRhdGFiYXNlLWlt/YWdlcy9SLTc5NjU4/My0xMzYwOTYxODA2/LTE0NjUuanBlZw.jpeg,"01 Eastman (6:34)
02 Soap Bubbles (4:48)
03 Sandmann (4:31)
04 In/Out (Initial Mix) (7:36)
05 Hood (7:38)
06 Tribute To Mr. Fingers (3:27)
07 77 Sunset Strip (6:30)
08 Beyond The Machine (5:24)
09 Nimm 2 (7:46)
10 Amazing Discoveries (8:34)
11 Trist (5:07)
12 Xing The Jordan / Seven (8:26)",
Roman Flügel,Fatty Folders,80,Genre: House,https://www.discogs.com/release/3127116-Roman-Fl%C3%BCgel-Fatty-Folders,,https://i.discogs.com/5kc-YerzaNGIoBA2wcS3_-zq1Nbd-zClwxrb7K_tJzg/rs:fit/g:sm/q:90/h:600/w:600/czM6Ly9kaXNjb2dz/LWRhdGFiYXNlLWlt/YWdlcy9SLTMxMjcx/MTYtMTMxNzE0MTc3/Mi5qcGVn.jpeg,"01 How To Spread Lies (6:32)
02 Lush Life Libido (5:22)
03 Deo (6:41)
04 Bahia Blues Bootcamp (4:43)
05 The Improviser (7:40)
06 Krautus (2:21)
07 Rude Awakening (7:17)
08 Song With Blue (6:24)
09 Softice (6:28)
10 Don't Break My Heart (3:41)
11 PianoPiano (4:03)",
DJ Sprinkles,Midtown 120 Blues,81,Genre: House,https://www.discogs.com/release/1635238-DJ-Sprinkles-Midtown-120-Blues,,https://i.discogs.com/dSSb0A6OmwIFwXOvE7QJrHMORgBEL7ZvOqixsl2LuWA/rs:fit/g:sm/q:90/h:504/w:504/czM6Ly9kaXNjb2dz/LWRhdGFiYXNlLWlt/YWdlcy9SLTE2MzUy/MzgtMTIzNTg1OTY4/My5qcGVn.jpeg,"01 Midtown 120 Intro (2:46)
02 Midtown 120 Blues (8:06)
03 Ball'r (Madonna-Free Zone) (8:18)
04 Brenda's $20 Dilemma (7:47)
05 House Music Is Controllable Desire You Can Own (7:09)
06 Sisters, I Don't Know What This World Is Coming To (10:46)
07 Reverse Rotation (7:19)
08 Grand Central, Pt. I (Deep Into The Bowel Of House) (12:08)
09 Grand Central, Pt. II (72 Hrs. By Rail From Missouri) (8:24)
10 The Occasional Feel-Good (6:40)",
DJ Koze,Music ist ok,82,Genre: House,https://www.discogs.com/release/91420-DJ-Koze-Music-Is-Okay,,https://i.discogs.com/ixMXdk6J_gzNSbNdtwYySI_0OfPQNKw0F2HWxW0pXo8/rs:fit/g:sm/q:90/h:600/w:600/czM6Ly9kaXNjb2dz/LWRhdGFiYXNlLWlt/YWdlcy9SLTkxNDIw/LTExNjM4NDgzODAu/anBlZw.jpeg,"01 Unknown Artist - Intro (0:27)
02 DJ Koze präsentiert Blumfeld - Tausend Tränen Tief (Steve Bug Loverboy Remix) (5:59)
03 Egoexpress - Telefunken (Adolf Noise Remix) (4:56)
04 Fünf Sterne Deluxe - Happy Hip Hop (7:32)
05 Station 17 - Lila Pause (feat. DJ Koze) (5:29)
06 RAH Band - Clouds Across The Moon (Moonboots Kick Ass Mix) (5:35)
07 Der Tobi & Das Bo - Is Mir Egal (Adolf Noise Meditation) (6:19)
08 Jacques Palminger - Auf Meinem Anrufbeantworter (0:44)
09 Die Fantastischen Vier - Le Smou (DJ Koze & Mario von Hacht Instrumental) (3:00)
10 DJ Koze - KISS FM Zypern Funkspot (0:25)
11 Visit Venus - The Big Tilt (DJ Koze Remix) (4:44)
12 Die Goldenen Zitronen - Weil Wir Einverstanden Sind (Adolf Noise Remix) (5:02)
13 Rocko Schamoni - Discoteer (DJ Koze Remix) (5:29)
14 DJ Koze - Kosi In My Mind (1:33)
15 Tocotronic - Jackpot (Fischmob | Erobique Remix) (12:45)",
Herbert,Bodily Functions,83,Genre: House,https://www.discogs.com/release/4029-Herbert-Bodily-Functions,,https://i.discogs.com/hrBzrC1MOYUmNIv1AfHNluTdvK74r8kT7t75Sz1f0w8/rs:fit/g:sm/q:90/h:536/w:598/czM6Ly9kaXNjb2dz/LWRhdGFiYXNlLWlt/YWdlcy9SLTQwMjkt/MTI1NzE4OTI0NC5q/cGVn.jpeg,"01 You're Unknown To Me (2:13)
02 It's Only (7:21)
03 Foreign Bodies (5:37)
04 Suddenly (6:29)
05 I Know (4:24)
06 Leave Me Now (6:36)
07 The Last Beat (4:20)
08 You Saw It All (7:04)
09 On Reflection (4:29)
10 About This Time Each Day (3:44)
11 Addiction (6:44)
12 I Miss You (4:52)
13 It's Only A Reprise (1:57)
14 The Audience (6:15)",
Solomun,Dance Baby,84,Genre: House,https://www.discogs.com/release/1963271-Solomun-Dance-Baby,,https://i.discogs.com/xjVNI7MzFYWfWF5v-EjziPlaTjE2RDL2MFXY0uqBdCs/rs:fit/g:sm/q:90/h:600/w:600/czM6Ly9kaXNjb2dz/LWRhdGFiYXNlLWlt/YWdlcy9SLTE5NjMy/NzEtMTI1NTMzNTQ3/OS5qcGVn.jpeg,"01 Country Song (6:43)
02 Boys In The Hood (5:32)
03 Cloud Dancer (4:10)
04 Hypnotize (6:42)
05 After Rain Comes Sun (3:54)
06 Midnight Snack (5:59)
07 Blackout (6:28)
08 Deep Circus (5:45)
09 Deja - Vu (6:14)
10 Forever (8:13)
11 Story Of My Life (8:03)",
Cobblestone Jazz,The Modern Deep Left Quartet,85,Genre: House,https://www.discogs.com/release/4108661-Cobblestone-Jazz-The-Modern-Deep-Left-Quartet,,https://i.discogs.com/dY20BslUxYTHqleaRu-LW7hZiQiamek-wt5Mxd2PeBQ/rs:fit/g:sm/q:90/h:236/w:239/czM6Ly9kaXNjb2dz/LWRhdGFiYXNlLWlt/YWdlcy9SLTQxMDg2/NjEtMTM1NTUwNjk3/NC02MjUwLnBuZw.jpeg,"01 Chance Dub (7:42)
02 Sun Child (7:40)
03 Mr Polite (7:01)
04 Cromagnon Man (5:03)
05 Fiesta (5:52)
06 Children (6:09)
07 Chance (7:59)
08 Midnight Sun (6:23)",
Hercules and Love Affair,Hercules and Love Affair,86,Genre: House,https://www.discogs.com/release/1489845-Hercules-And-Love-Affair-Hercules-And-Love-Affair,,https://i.discogs.com/40G-s2WvQldzGwdT9iLIU98ppsB9P_5JYwEv6g-9ufs/rs:fit/g:sm/q:90/h:599/w:593/czM6Ly9kaXNjb2dz/LWRhdGFiYXNlLWlt/YWdlcy9SLTE0ODk4/NDUtMTIyNDgwNjE4/NC5qcGVn.jpeg,"01 Time Will (4:34)
02 Hercules Theme (4:30)
03 You Belong (4:12)
04 Athene (4:00)
05 Blind (6:18)
06 Iris (4:16)
07 Easy (5:22)
08 This Is My Love (4:58)
09 Raise Me Up (3:52)
10 True/False, Fake/Real (4:33)",
Various Artists,The History Of The House Sound Of Chicago CD3,87,Genre: House,https://www.discogs.com/release/37791-Various-The-History-Of-The-House-Sound-Of-Chicago-From-The-Very-Beginning-The-Essence-On-Compact-Dis,,https://i.discogs.com/IxlCHMO7RQNht9BupAHZoB3iTjmDUcwPYDU53rSga2I/rs:fit/g:sm/q:90/h:468/w:600/czM6Ly9kaXNjb2dz/LWRhdGFiYXNlLWlt/YWdlcy9SLTM3Nzkx/LTE3MDE3MDM4MTkt/NDA5NC5qcGVn.jpeg,"01 Chic - Jack Le Freak (8:25)
02 Cerrone - Supernature '88 (6:46)
03 Freeez - I.O.U. (The Ultimate Club - Vocal Mix) (6:08)
04 Criminal Element Orchestra - Put The Needle To The Record (6:39)
05 Jellybean feat. Steven Dante - The Real Thing (West 26th Street Mix) (7:46)
06 Kelly Charles - You're No Good For Me (Club Mix) (5:58)
07 L.A. Mix - Don't Stop Jammin' (The Brutal Remix) (6:53)
08 M.A.R.R.S. - Pump Up The Volume (Original Version) (5:09)
09 Full House - Communicate (Club Mix) (6:12)
10 The Beatmasters feat. The Cookie Crew - Rock Da House (Remix) (6:25)
11 Various - The House Sound Of Chicago Megamix Volume II (The Classix Mix) (8:21)",
Soulphiction,Do You Overstand?,88,Genre: House,https://www.discogs.com/release/1316417-Soulphiction-Do-You-Overstand,,https://i.discogs.com/dh19-4IT41kS3ck5_2j0d4zb7OFc_Vzro4MtvdK72Ss/rs:fit/g:sm/q:90/h:594/w:600/czM6Ly9kaXNjb2dz/LWRhdGFiYXNlLWlt/YWdlcy9SLTEzMTY0/MTctMTc0NDEzMzU5/NC0zNjY4LmpwZWc.jpeg,"01 Chevy Estate (3:06)
02 Ghana Wadada (3:09)
03 Velveteens (6:24)
04 Touch From The Past (4:36)
05 Cargo (3:37)
06 Soul Print (2:31)
07 Sun Children (5:36)
08 Prison Song (5:11)
09 Reclap (2:11)
10 Darkest Berry (4:57)
11 Reminisce All Over You (6:30)
12 Whizzdom And Understanding (7:26)
13 I Just Wait (3:24)
14 So What (5:20)",
Motor City Drum Ensemble,DJ-Kicks,89,Genre: House,https://www.discogs.com/release/3874516-Motor-City-Drum-Ensemble-DJ-Kicks,,https://i.discogs.com/x94D1fVzRzM5jaa2W14UW5e7hAQhkRWAZR4IFgkES4c/rs:fit/g:sm/q:90/h:212/w:210/czM6Ly9kaXNjb2dz/LWRhdGFiYXNlLWlt/YWdlcy9SLTM4NzQ1/MTYtMTM0NzY5ODg0/Ni0yOTA2LnBuZw.jpeg,"01 Sun Ra - Door To The Cosmos (1:27)
02 Electric Wire Hustle - Again (Scratch 22 Remix) (1:45)
03 Rhythm & Sound - Mango Drive (3:18)
04 Tony Allen - Ariya (3:29)
05 Peven Everett - Stuck (Original) (4:02)
06 Bad Jazz Troupe - Breakdown Treat (2:57)
07 Mr. Fingers - The Juice (2:33)
08 Rick “Poppa” Howard - Can Your Love Find Its Way (Club Vocal) (4:00)
09 Stone - Girl I Like The Way That You Move (Dub) (2:39)
10 Fred P - On This Vibe (4:04)
11 Creative Swing Alliance - Don't Forget Your Keyz (2:37)
12 Geraldo Pino & The Heartbeats - Black Woman Experience (2:50)
13 Philippe Sarde - Le Cortège Et Course (2:22)
14 Robert Hood - The Pace (2:19)
15 Loose Joints - Pop Your Funk (Vocal Version) (2:39)
16 Arts & Crafts - I've Been Searching (Walter Gibbons 12"" Mix) (2:24)
17 Motor City Drum Ensemble - L.O.V.E. (DJ-Kicks) (4:18)
18 Aphex Twin - Actium (4:10)
19 Recloose - Cardiology (Isolée Mix) (5:46)
20 Latecomer - Cosmic Cart (3:11)
21 Timo Lassy - African Rumble (6:30)
22 James Mason - Sweet Power, Your Embrace (5:20)",
Tobias Thomas,Please Please Please,90,Genre: Electronic ,https://www.discogs.com/release/3259620-Tobias-Thomas-Please-Please-Please,,https://i.discogs.com/gNaPIFvG6KOf7Vi-gg-Uqs1nG6L7Y6KxBC8-B6aQbmE/rs:fit/g:sm/q:90/h:596/w:600/czM6Ly9kaXNjb2dz/LWRhdGFiYXNlLWlt/YWdlcy9SLTMyNTk2/MjAtMTc2MzY2NTkz/My03ODUzLmpwZWc.jpeg,"01 Pantha Du Prince - Butterfly Girl (Pantha Lost The Beat Version) (4:15)
02 Adolf Noise - Was Ist Zuviel Zeit? (Dub) (3:19)
03 Pantha Du Prince - Reprise (3:13)
04 Krause Duo - Kingpult (9:01)
05 Johannes Heil - Aquarius (4:39)
06 Vulva String Quartett - Wild Wild Berry (5:38)
07 Ricardo Villalobos - The Contempt (Trip Tollsmix) (7:13)
08 The Kooky Scientist - A Little Older, A Little Bolder (5:27)
09 Thomas / Burger - My Favourite Dress (Theme 2006) (6:26)
10 Reinhard Voigt - Suchtkultur (4:24)
11 Pachulke Und Sohn - Läuft Gut (5:39)
12 Brant feat. Mr. Roper - Last Night I Dreamt That Somebody Loved Me (Ada Mix) (5:47)
13 International Pony - Gravity (4:31)
14 Stella - Dreams (Thomas / Geiger Mix) (8:03)",
Supermayer,Save the World,91,Genre: Electronic ,https://www.discogs.com/release/1073256-Supermayer-Save-The-World,,https://i.discogs.com/hzYrq2_jrL8jyQqjaQq5qj8dJICYkMP_o2nhzJWsX4o/rs:fit/g:sm/q:90/h:537/w:600/czM6Ly9kaXNjb2dz/LWRhdGFiYXNlLWlt/YWdlcy9SLTEwNzMy/NTYtMTUyMDYwOTQy/NS02NjgxLmpwZWc.jpeg,"01 Hey! (1:03)
02 The Art Of Letting Go (5:38)
03 Saturndays (7:14)
04 Superbrain Transmission (2:34)
05 Us And Them (5:44)
06 For Luzie (0:45)
07 The Lonesome King (5:57)
08 Don't Let The Sun Catch You Crying (1:08)
09 Please Sunrise (7:55)
10 Planet Of The Sick (6:46)
11 Psychoprogs Attack! (1:25)
12 Two Of Us (Extended Album Version) (9:49)
13 Cocktails For Two (7:18)",
Michael Mayer,Immer 2,92,Genre: Electronic ,https://www.discogs.com/release/811929-Michael-Mayer-Immer-2,,https://i.discogs.com/PXApg1-cw-uXkD-w_NeXPlMx4LvdiPS7hQqsRf2ZXmY/rs:fit/g:sm/q:90/h:600/w:600/czM6Ly9kaXNjb2dz/LWRhdGFiYXNlLWlt/YWdlcy9SLTgxMTky/OS0xMjcwMDc2NTgx/LmpwZWc.jpeg,"01 Someone Else - Ploosh (5:47)
02 Ian Simmonds - The Dog (4:29)
03 Brooks - Tell Somebody About The Beat (3:52)
04 Frank West - 2nd Booty (2:19)
05 Crowdpleaser & St. Plomb - 18 Years (4:45)
06 Justus Köhncke - Advance (6:45)
07 Lindstrøm - Another Station (Todd Terje Remix) (6:45)
08 The Rice Twins - For Dan (6:29)
09 SCSI-9 - Morskaya (5:50)
10 Jesse Somfay - Lying In A Bed Of Mist (6:43)
11 DK7 - Where's The Fun (Sten Remix) (7:17)
12 Geiger - Good Evening (SuperMayer Remix) (11:28)",
Michael Mayer,Immer 3,93,Genre: Electronic ,https://www.discogs.com/release/2308510-Michael-Mayer-Immer-3,,https://i.discogs.com/qWvrdMtNwo-E6yakjLLN_Aq2HnQ9Qth0udHV5vurRqM/rs:fit/g:sm/q:90/h:600/w:600/czM6Ly9kaXNjb2dz/LWRhdGFiYXNlLWlt/YWdlcy9SLTIzMDg1/MTAtMTI3NjUzMDE4/OS5qcGVn.jpeg,"01 Cortney Tidwell - Don't Let Stars Keep Us Tangled Up (Ewan Pearson's All This Has Happened Before Version) (6:08)
02 Closer Musik - Departures (7:54)
03 Ben Watt - Guinea Pig / Vocal Variation (DJ Koze Remix) (5:51)
04 Tim Paris - Edges Of Corrosion (6:27)
05 Smith N Hack - Falling Stars (8:00)
06 Raudive - Slave (6:05)
07 Massive Attack - Paradise Circus (Gui Boratto Remix) (7:19)
08 Popnoname - Hello Gorgeous (Terranova Remix) (5:39)
09 Charlotte Gainsbourg - The Operation (Superpitcher Remix) (8:30)
10 Culoe De Song - The Bright Forest (7:05)
11 Kinky Justice - New Day (7:53)",
Goldie,Timeless (CD 1),94,Genre: Electronic ,https://www.discogs.com/release/2399-Goldie-Timeless,,https://i.discogs.com/bubMPbBIuUpcr63U74KmAbJBUifi8127SKelGw3_0Qo/rs:fit/g:sm/q:90/h:517/w:600/czM6Ly9kaXNjb2dz/LWRhdGFiYXNlLWlt/YWdlcy9SLTIzOTkt/MTQ1MDgyMTcwMS01/MjcxLmpwZWc.jpeg,"01 Timeless (21:01)
02 Saint Angel (7:17)
03 State Of Mind (7:05)
04 This Is A Bad (6:10)
05 Sea Of Tears (12:01)
06 Jah The Seventh Seal (6:24)",
Benji B,A Space Odyssey,95,Genre: Electronic ,https://www.discogs.com/release/801095-Benji-B-A-Space-Odyssey,,https://i.discogs.com/3BWzucM_fCOZh9Q8v3-0pyDJEOK5SB7cngR2kUt8YXA/rs:fit/g:sm/q:90/h:243/w:270/czM6Ly9kaXNjb2dz/LWRhdGFiYXNlLWlt/YWdlcy9SLTgwMTA5/NS0xMTYxNDQ1Nzg5/LmdpZg.jpeg,"01 Nico - Petit Chevalier
02 Brian Bennett - Solstice
03 Dabrye - Hyped-Up Plus Tax (Outputmessage Remix)
04 Unknown
05 J Dilla - City Of Boom
06 Unknown - Random Batcomputer Noise
07 Morgan Zarate - M.A.B 4 B.B
08 The Night of the Hunter Original Soundtrack - Pearl's Dream
09 David Bowie - Abdulmajid / Jupiter And Beyond - The Bavarian Radio Orchestra - 2001: A Space Odyssey (Original Film Score)
10 Herbie Hancock - Nobu
11 David Durrah - Space 1
12 Theo Parrish - Dan Ryan
13 Spymusic - Cloaked
14 Steve Miller Band - Space Intro
15 Carl Craig - At Les
16 Niko Marks - Chune
17 Underground Resistance - Journey Of The Dragons
18 Cybotron - Clear
19 Neon Phusion - Timeless Motion
20 DJ Mitsu - Negative Ion (SARA Remix)
21 Sun Ra - There Are Other Worlds (I Have Not Told You Of)
22 Marcus Belgrave - Space Odyssey
23 Unknown - Random Space Noise",
Matthew Dear,Body Language Vol. 7,96,Genre: Electronic ,https://www.discogs.com/release/1508375-Matthew-Dear-Body-Language-Vol-7,,https://i.discogs.com/efEV_siNaVCbpBjrVwBA57720BA2u05dHghvkZpi5mQ/rs:fit/g:sm/q:90/h:600/w:600/czM6Ly9kaXNjb2dz/LWRhdGFiYXNlLWlt/YWdlcy9SLTE1MDgz/NzUtMTI2MjYyMjQx/NS5qcGVn.jpeg,"01 The Green French One (Original Mix) (5:30)
02 Cityblues (5:36)
03 Street Life (Samuel Davis Dark Groove Remix) (3:36)
04 Basement Works Vol 1 (5:18)
05 Orbitalife (5:59)
06 Retrospective (1:38)
07 No Way (0:47)
08 Tramodyssee (4:00)
09 Dead Souls (Radio Slave Long Distance Kiss Mix) (5:06)
10 Ambee (2:53)
11 Zou Zou (4:52)
12 Gtnup (3:53)
13 Traffic Lights (3:08)
14 Hamlin (Sascha Dive's Secret Dub) (2:03)
15 Doctor Of Romance (4:27)
16 Untitled B1 (2:09)
17 I Want To Sleep (3:26)
18 Baaa Niii (2:45)
19 Free To Ask (Body Language Exclusive Track) (3:35)
20 Get Deep (4:41)",
Carl Craig,Sessions 01,97,Genre: Electronic ,https://www.discogs.com/release/1211405-Carl-Craig-Sessions,,https://i.discogs.com/dnX_H3oo7ZO5XJPEv-H5R8VAceENTl6367K1sPFjXDI/rs:fit/g:sm/q:90/h:596/w:600/czM6Ly9kaXNjb2dz/LWRhdGFiYXNlLWlt/YWdlcy9SLTEyMTE0/MDUtMTM2Nzk3Mzg4/OS05ODEzLmpwZWc.jpeg,"01 Directions - Busted Trees (Carl Craig “Sessions” Remix) (4:47)
02 Junior Boys - Like A Child (Carl Craig Remix) (7:41)
03 Rhythm & Sound - Poor People Must Work (Carl Craig Remix) (5:09)
04 Chez Damier - Help Myself (Reconstructed by Carl Craig) (3:36)
05 Paperclip People - Throw (Unreleased Version) (8:31)
06 Beanfield - Tides (Carl Craig “Sessions” Remix) (6:46)
07 Paperclip People - Clear And Present (2:56)
08 Theo Parrish - Falling Up (Carl Craig Remix) (6:27)
09 Paperclip People - Oscillator (Original Version) (3:20)
10 Cesaria Evora - Angola (Carl Craig's Mix) (6:48)
11 Francesco Tristano - The Melody (Carl Craig Remix) (7:15)
12 Delia Gonzales & Gavin Russom - Relevee (Carl Craig “Sessions” Remix) (6:42)",
Carl Craig,Sessions 02,98,Genre: Electronic ,https://www.discogs.com/release/1211405-Carl-Craig-Sessions,,https://i.discogs.com/dnX_H3oo7ZO5XJPEv-H5R8VAceENTl6367K1sPFjXDI/rs:fit/g:sm/q:90/h:596/w:600/czM6Ly9kaXNjb2dz/LWRhdGFiYXNlLWlt/YWdlcy9SLTEyMTE0/MDUtMTM2Nzk3Mzg4/OS05ODEzLmpwZWc.jpeg,"01 69 - Rushed (Original Version) (6:26)
02 69 - Psychobeat (Previously Unreleased) (2:25)
03 Xpress2 - Kill 100 (Carl Craig “Sessions” Remix) (7:34)
04 Tres Demented - Demented (Or Just Crazy) (Original Version) (6:51)
05 Faze Action - In The Trees (Unreleased Carl Craig Remix) (8:17)
06 Tres Demented - Brainfreeze (Carl Craig “Sessions” Mix) (4:59)
07 Carl Craig - Futurelovetheme (Carl Craig “Sessions” Mix) (8:34)
08 Carl Craig - Sandstorms (Original Version) (7:42)
09 Innerzone Orchestra - Bug In The Bass Bin (Carl Craig “Sessions” Mix)",
Carl Craig & Moritz von Oswald,ReComposed,99,Genre: Electronic ,https://www.discogs.com/release/1492327-Maurice-Ravel-Modest-Mussorgsky-Carl-Craig-Moritz-von-Oswald-ReComposed-By-Carl-Craig-Moritz-von-Osw,,https://i.discogs.com/fnqdVHEa_ks5oip4rybFn2qhY3kEEK9qCZYsf4eCcTw/rs:fit/g:sm/q:90/h:600/w:595/czM6Ly9kaXNjb2dz/LWRhdGFiYXNlLWlt/YWdlcy9SLTE0OTIz/MjctMTIyNDgyODU2/My5qcGVn.jpeg,"01 Intro (6:23)
02 Movement 1 (2:26)
03 Movement 2 (7:30)
04 Movement 3 (8:34)
05 Movement 4 (8:06)
06 Interlude (4:09)
07 Movement 5 (12:56)
08 Movement 6 (14:12)",
Maxence Cyrin,Novö Piano,100,Genre: Modern Classical,https://www.discogs.com/release/8744350-Maxence-Cyrin-Nov%C3%B6-Piano,,https://i.discogs.com/lKUzynAKsZk9JDkXMkJqaSl9GAQLjXSI0AHXrL5xKtg/rs:fit/g:sm/q:90/h:535/w:600/czM6Ly9kaXNjb2dz/LWRhdGFiYXNlLWlt/YWdlcy9SLTg3NDQz/NTAtMTQ2NzgyNzk2/Mi03ODI5LmpwZWc.jpeg,"01 Pixies - Where Is My Mind (2:45)
02 Justice - D.A.N.C.E. (2:49)
03 Cocteau Twins - Ivo (3:58)
04 My Bloody Valentine - Only Shallow (3:58)
05 Daft Punk - Around The World (3:30)
06 Arcade Fire - No Cars Go (4:02)
07 Nirvana - Lithium (3:54)
08 MGMT - Kids (3:00)
09 David Bowie - Sound and Vision (auf dem Album als „Triangle“ geführt) (2:52)
10 Beyoncé feat. Jay-Z - Crazy In Love (3:52)",